Data Source,World Development Indicators,,,,,,,,,,,,,,,,,,,,,,,,,,,,,,,,,,,,,,,,,,,,,,,,,,,,,,,,,,,,,,,,
,,,,,,,,,,,,,,,,,,,,,,,,,,,,,,,,,,,,,,,,,,,,,,,,,,,,,,,,,,,,,,,,,
Last Updated Date,3/1/2023,,,,,,,,,,,,,,,,,,,,,,,,,,,,,,,,,,,,,,,,,,,,,,,,,,,,,,,,,,,,,,,,
,,,,,,,,,,,,,,,,,,,,,,,,,,,,,,,,,,,,,,,,,,,,,,,,,,,,,,,,,,,,,,,,,
Country Name,Country Code,Indicator Name,Indicator Code,1960,1961,1962,1963,1964,1965,1966,1967,1968,1969,1970,1971,1972,1973,1974,1975,1976,1977,1978,1979,1980,1981,1982,1983,1984,1985,1986,1987,1988,1989,1990,1991,1992,1993,1994,1995,1996,1997,1998,1999,2000,2001,2002,2003,2004,2005,2006,2007,2008,2009,2010,2011,2012,2013,2014,2015,2016,2017,2018,2019,2020,2021
Aruba,ABW,"Suicide mortality rate (per 100,000 population)",SH.STA.SUIC.P5,,,,,,,,,,,,,,,,,,,,,,,,,,,,,,,,,,,,,,,,,,,,,,,,,,,,,,,,,,,,,,
Africa Eastern and Southern,AFE,"Suicide mortality rate (per 100,000 population)",SH.STA.SUIC.P5,,,,,,,,,,,,,,,,,,,,,,,,,,,,,,,,,,,,,,,,,10.94205471,10.56654199,10.42502106,10.28030484,10.05238792,9.900247243,9.729663851,9.686304705,9.910591237,9.863977815,9.47222742,9.063318792,8.856540338,8.745026069,8.5652862,8.489758175,8.328658082,8.232942665,8.11803131,8.024905758,,
Afghanistan,AFG,"Suicide mortality rate (per 100,000 population)",SH.STA.SUIC.P5,,,,,,,,,,,,,,,,,,,,,,,,,,,,,,,,,,,,,,,,,4.9,5,5,5,5,5,4.9,4.8,4.6,4.4,4.3,4.1,4,4,3.9,4,4,4.1,4.1,4.1,,
Africa Western and Central,AFW,"Suicide mortality rate (per 100,000 population)",SH.STA.SUIC.P5,,,,,,,,,,,,,,,,,,,,,,,,,,,,,,,,,,,,,,,,,6.806788342,6.722093273,6.613711818,6.601393343,6.565813674,6.570061006,6.574923148,6.563628605,6.44510675,6.447208909,6.423698374,6.395704044,6.30450655,6.203106458,6.001737848,5.77454435,5.680856904,5.567860901,5.439667342,5.420254996,,
Angola,AGO,"Suicide mortality rate (per 100,000 population)",SH.STA.SUIC.P5,,,,,,,,,,,,,,,,,,,,,,,,,,,,,,,,,,,,,,,,,8.7,8.6,8.6,8.8,8.6,8.1,8.6,7.4,7.5,6.7,7,6.6,6.9,6.9,6.4,6.5,6.2,6,6,6.1,,
Albania,ALB,"Suicide mortality rate (per 100,000 population)",SH.STA.SUIC.P5,,,,,,,,,,,,,,,,,,,,,,,,,,,,,,,,,,,,,,,,,4.9,4.5,4.6,4.8,4.8,7.5,7.8,8.1,8.2,8.1,7.8,7.9,5.2,5.3,5,4.8,4.7,4.7,4.5,4.3,,
Andorra,AND,"Suicide mortality rate (per 100,000 population)",SH.STA.SUIC.P5,,,,,,,,,,,,,,,,,,,,,,,,,,,,,,,,,,,,,,,,,,,,,,,,,,,,,,,,,,,,,,
Arab World,ARB,"Suicide mortality rate (per 100,000 population)",SH.STA.SUIC.P5,,,,,,,,,,,,,,,,,,,,,,,,,,,,,,,,,,,,,,,,,4.569914926,4.582524896,4.531061062,4.481845255,4.431762051,4.427147854,4.395477222,4.405686484,4.44779134,4.462291374,4.494428877,4.554406383,4.56439639,4.488043981,4.425838989,4.318293854,4.244034954,4.165166922,4.197532055,4.162428404,,
United Arab Emirates,ARE,"Suicide mortality rate (per 100,000 population)",SH.STA.SUIC.P5,,,,,,,,,,,,,,,,,,,,,,,,,,,,,,,,,,,,,,,,,8.6,8.6,8,7.5,7.7,7.9,8.3,8.3,8.5,8.5,8.4,8.2,7.9,7.5,7,6.5,6,5.6,6,6.4,,
Argentina,ARG,"Suicide mortality rate (per 100,000 population)",SH.STA.SUIC.P5,,,,,,,,,,,,,,,,,,,,,,,,,,,,,,,,,,,,,,,,,9.1,10.3,10.2,9.7,8.7,8.6,8.6,8.3,8.7,8.4,8.6,8.5,9.1,8.6,9.3,8.3,8.3,8.9,9.2,8.4,,
Armenia,ARM,"Suicide mortality rate (per 100,000 population)",SH.STA.SUIC.P5,,,,,,,,,,,,,,,,,,,,,,,,,,,,,,,,,,,,,,,,,3.4,3.1,3.5,2.6,4,4.2,5.9,5.8,4.8,4.8,6.8,6.8,7.4,6.4,6.3,6.2,5.7,3,2.1,3.3,,
American Samoa,ASM,"Suicide mortality rate (per 100,000 population)",SH.STA.SUIC.P5,,,,,,,,,,,,,,,,,,,,,,,,,,,,,,,,,,,,,,,,,,,,,,,,,,,,,,,,,,,,,,
Antigua and Barbuda,ATG,"Suicide mortality rate (per 100,000 population)",SH.STA.SUIC.P5,,,,,,,,,,,,,,,,,,,,,,,,,,,,,,,,,,,,,,,,,1.9,1.9,1.3,1.3,1.7,1.3,0.5,0.4,0.3,0,0.2,0.2,0,0,0.4,0.4,0.5,0,0.4,0.4,,
Australia,AUS,"Suicide mortality rate (per 100,000 population)",SH.STA.SUIC.P5,,,,,,,,,,,,,,,,,,,,,,,,,,,,,,,,,,,,,,,,,12.7,12.2,11.3,10.5,10.3,11.2,10.6,10.9,11.6,11.2,11.7,11.2,11.7,11.5,12.7,13.2,12.2,13.1,12.4,12.5,,
Austria,AUT,"Suicide mortality rate (per 100,000 population)",SH.STA.SUIC.P5,,,,,,,,,,,,,,,,,,,,,,,,,,,,,,,,,,,,,,,,,19.9,18.6,19.3,18.2,17.5,17.2,16.4,16,15.8,16,16.1,16.5,16.3,16.2,16.5,16,15.5,15.4,15.7,14.6,,
Azerbaijan,AZE,"Suicide mortality rate (per 100,000 population)",SH.STA.SUIC.P5,,,,,,,,,,,,,,,,,,,,,,,,,,,,,,,,,,,,,,,,,3.1,3.4,3.6,3.8,4.3,4.5,4.7,4.9,4.7,4.6,4.6,4.5,4.4,4.3,4.2,4.1,4,4,4,4.1,,
Burundi,BDI,"Suicide mortality rate (per 100,000 population)",SH.STA.SUIC.P5,,,,,,,,,,,,,,,,,,,,,,,,,,,,,,,,,,,,,,,,,11.7,10.8,10.2,9.7,9.2,8.9,8.9,8.4,7.9,7.7,7.6,7.4,7.1,7,6.7,6.4,6.4,6.4,6.3,6.2,,
Belgium,BEL,"Suicide mortality rate (per 100,000 population)",SH.STA.SUIC.P5,,,,,,,,,,,,,,,,,,,,,,,,,,,,,,,,,,,,,,,,,22,22.3,20.9,21.5,20.2,20.7,20.2,18.7,20.3,20.6,20.5,21.1,20.8,19.5,19.4,18.6,19.3,18.9,18.7,18.3,,
Benin,BEN,"Suicide mortality rate (per 100,000 population)",SH.STA.SUIC.P5,,,,,,,,,,,,,,,,,,,,,,,,,,,,,,,,,,,,,,,,,8.8,8.8,8.8,8.8,8.8,8.7,8.6,8.5,8.2,8.5,8.4,8.5,8.3,8.3,8.2,8.1,8,8,7.9,7.8,,
Burkina Faso,BFA,"Suicide mortality rate (per 100,000 population)",SH.STA.SUIC.P5,,,,,,,,,,,,,,,,,,,,,,,,,,,,,,,,,,,,,,,,,8.6,8.2,8,7.9,8,8,8.1,8.1,8,8,8,7.9,8.3,8.3,8,8,7.8,7.7,7.6,7.5,,
Bangladesh,BGD,"Suicide mortality rate (per 100,000 population)",SH.STA.SUIC.P5,,,,,,,,,,,,,,,,,,,,,,,,,,,,,,,,,,,,,,,,,6,5.7,5.3,5.1,4.9,4.9,5,4.9,4.7,4.6,4.4,4,3.7,3.5,3.5,3.4,3.4,3.5,3.6,3.7,,
Bulgaria,BGR,"Suicide mortality rate (per 100,000 population)",SH.STA.SUIC.P5,,,,,,,,,,,,,,,,,,,,,,,,,,,,,,,,,,,,,,,,,18.2,17.5,17.5,15.1,14.2,13.3,13.4,12.5,13.2,12.3,12.4,11,12.5,10.5,10.4,9.8,9.7,10.3,9.7,9.7,,
Bahrain,BHR,"Suicide mortality rate (per 100,000 population)",SH.STA.SUIC.P5,,,,,,,,,,,,,,,,,,,,,,,,,,,,,,,,,,,,,,,,,6.6,8.8,9.2,10.2,10.2,10.3,8.2,9.6,9.2,8.6,8.2,7.9,7.4,7.1,7.4,7.4,7.7,8.1,8.6,8.9,,
"Bahamas, The",BHS,"Suicide mortality rate (per 100,000 population)",SH.STA.SUIC.P5,,,,,,,,,,,,,,,,,,,,,,,,,,,,,,,,,,,,,,,,,2.3,2.5,2.3,2.4,3.2,3,3.5,3.2,3.3,3.3,3.6,3.7,3.5,3.1,3.3,3.5,3.6,3.4,3.5,3.5,,
Bosnia and Herzegovina,BIH,"Suicide mortality rate (per 100,000 population)",SH.STA.SUIC.P5,,,,,,,,,,,,,,,,,,,,,,,,,,,,,,,,,,,,,,,,,9,9.4,9.8,9.9,10,10.8,10.7,11.5,10.8,10.7,10.5,10.6,10.4,10.6,10.6,10.7,10.5,10.5,10.8,10.9,,
Belarus,BLR,"Suicide mortality rate (per 100,000 population)",SH.STA.SUIC.P5,,,,,,,,,,,,,,,,,,,,,,,,,,,,,,,,,,,,,,,,,41.8,43.3,44.3,42.9,42.1,43.5,40.9,36.8,36.7,36.5,35.9,36.2,29.9,27.9,26.3,24.3,24.2,23.3,22.8,21.2,,
Belize,BLZ,"Suicide mortality rate (per 100,000 population)",SH.STA.SUIC.P5,,,,,,,,,,,,,,,,,,,,,,,,,,,,,,,,,,,,,,,,,7.4,6,6.1,6.3,6.9,5.4,5.6,5.2,4.4,6.2,6.9,6.8,6.3,5.9,6,6,5.8,7,6.5,7.1,,
Bermuda,BMU,"Suicide mortality rate (per 100,000 population)",SH.STA.SUIC.P5,,,,,,,,,,,,,,,,,,,,,,,,,,,,,,,,,,,,,,,,,,,,,,,,,,,,,,,,,,,,,,
Bolivia,BOL,"Suicide mortality rate (per 100,000 population)",SH.STA.SUIC.P5,,,,,,,,,,,,,,,,,,,,,,,,,,,,,,,,,,,,,,,,,6.9,6.6,6.6,6.4,6.3,6.3,5.9,6.1,6,6,6,6.1,6,6,6.2,6.4,6.6,6.4,6.3,6.2,,
Brazil,BRA,"Suicide mortality rate (per 100,000 population)",SH.STA.SUIC.P5,,,,,,,,,,,,,,,,,,,,,,,,,,,,,,,,,,,,,,,,,4,4.4,4.4,4.3,4.4,4.7,4.7,4.9,5.1,5.1,5,5.2,5.4,5.6,5.6,5.9,6,6.6,7,6.9,,
Barbados,BRB,"Suicide mortality rate (per 100,000 population)",SH.STA.SUIC.P5,,,,,,,,,,,,,,,,,,,,,,,,,,,,,,,,,,,,,,,,,2.6,1.6,0.3,1.2,1.4,2.9,1.6,1.5,1,1.5,1.6,1,0.5,0.3,0.6,0.6,0.6,0.6,0.6,0.6,,
Brunei Darussalam,BRN,"Suicide mortality rate (per 100,000 population)",SH.STA.SUIC.P5,,,,,,,,,,,,,,,,,,,,,,,,,,,,,,,,,,,,,,,,,1.9,1.3,1.6,1.6,1.9,2.2,2.9,2.6,2.1,1.8,1.3,1.9,2.1,1.8,1.8,1.9,2.6,3.3,3.1,2.7,,
Bhutan,BTN,"Suicide mortality rate (per 100,000 population)",SH.STA.SUIC.P5,,,,,,,,,,,,,,,,,,,,,,,,,,,,,,,,,,,,,,,,,4.8,4.9,4.7,4.6,4.5,4.5,4.5,4.4,4.3,4.3,4.2,4.3,4.3,4.4,4.4,4.5,4.5,4.6,4.6,4.6,,
Botswana,BWA,"Suicide mortality rate (per 100,000 population)",SH.STA.SUIC.P5,,,,,,,,,,,,,,,,,,,,,,,,,,,,,,,,,,,,,,,,,35.3,34.5,32.7,31.2,31.8,34,32,29.3,28.4,25.1,24.4,22.7,22.6,21.6,19.6,19,17.8,17.4,17.4,16.1,,
Central African Republic,CAF,"Suicide mortality rate (per 100,000 population)",SH.STA.SUIC.P5,,,,,,,,,,,,,,,,,,,,,,,,,,,,,,,,,,,,,,,,,19,17.7,17.4,16.4,15.7,15.1,15.7,15.4,15.1,16,15.8,15.4,14.7,14.9,15.6,14.4,13.7,14.3,12.8,12.3,,
Canada,CAN,"Suicide mortality rate (per 100,000 population)",SH.STA.SUIC.P5,,,,,,,,,,,,,,,,,,,,,,,,,,,,,,,,,,,,,,,,,11.9,12.2,11.9,12.4,11.7,12.2,11.2,11.5,11.5,12,12.1,11.3,11.8,12.1,12.7,13,11.9,13,12,11.8,,
Central Europe and the Baltics,CEB,"Suicide mortality rate (per 100,000 population)",SH.STA.SUIC.P5,,,,,,,,,,,,,,,,,,,,,,,,,,,,,,,,,,,,,,,,,19.62281157,18.95935585,19.16723832,18.73304096,18.43393018,18.03940204,17.34118554,16.296376,16.98381069,18.03847552,17.81681727,17.27399086,17.7223873,17.0162544,16.16960545,15.40893577,14.03905854,13.81538285,13.35038796,12.5212572,,
Switzerland,CHE,"Suicide mortality rate (per 100,000 population)",SH.STA.SUIC.P5,,,,,,,,,,,,,,,,,,,,,,,,,,,,,,,,,,,,,,,,,20.2,19.6,20.9,18.7,18.5,19,18.8,19.5,18.8,16,14.5,14.6,14.7,15.1,14.7,15,14.1,14.6,14.5,14.5,,
Channel Islands,CHI,"Suicide mortality rate (per 100,000 population)",SH.STA.SUIC.P5,,,,,,,,,,,,,,,,,,,,,,,,,,,,,,,,,,,,,,,,,,,,,,,,,,,,,,,,,,,,,,
Chile,CHL,"Suicide mortality rate (per 100,000 population)",SH.STA.SUIC.P5,,,,,,,,,,,,,,,,,,,,,,,,,,,,,,,,,,,,,,,,,10.3,10.3,9.6,9.7,10.1,9.7,10,11,12.2,12.7,11.6,11.7,10.5,9.8,9.9,10,10,9.3,8.8,9,,
China,CHN,"Suicide mortality rate (per 100,000 population)",SH.STA.SUIC.P5,,,,,,,,,,,,,,,,,,,,,,,,,,,,,,,,,,,,,,,,,14.3,12.9,12.2,12.8,13.3,12.9,12.1,11.5,11.1,10.7,10.2,9.6,9,8.6,8.4,8.1,8.2,8.1,8.1,8.1,,
Cote d'Ivoire,CIV,"Suicide mortality rate (per 100,000 population)",SH.STA.SUIC.P5,,,,,,,,,,,,,,,,,,,,,,,,,,,,,,,,,,,,,,,,,14.1,13.3,12.7,12.4,12.1,11.5,11.6,11.5,10.6,11,11.4,11.1,11.3,11.1,10.5,10,9.6,9.2,9,8.9,,
Cameroon,CMR,"Suicide mortality rate (per 100,000 population)",SH.STA.SUIC.P5,,,,,,,,,,,,,,,,,,,,,,,,,,,,,,,,,,,,,,,,,10.7,10.8,10.6,10.8,10.7,11.4,11.7,11.4,11.2,11.1,10.8,10.8,10.6,10.4,10,9.5,9.2,9,8.9,9,,
"Congo, Dem. Rep.",COD,"Suicide mortality rate (per 100,000 population)",SH.STA.SUIC.P5,,,,,,,,,,,,,,,,,,,,,,,,,,,,,,,,,,,,,,,,,7.9,7.7,7.7,7.7,7.6,7.5,7.4,7.2,7.1,7.3,7.2,7.1,6.9,6.8,6.7,6.6,6.5,6.5,6.7,6.7,,
"Congo, Rep.",COG,"Suicide mortality rate (per 100,000 population)",SH.STA.SUIC.P5,,,,,,,,,,,,,,,,,,,,,,,,,,,,,,,,,,,,,,,,,14.5,12.4,11,10.1,10.2,9.7,9.6,9.3,8.9,9.3,9,8.7,8.9,8.2,7.5,6.8,6.7,6.6,6.5,6.5,,
Colombia,COL,"Suicide mortality rate (per 100,000 population)",SH.STA.SUIC.P5,,,,,,,,,,,,,,,,,,,,,,,,,,,,,,,,,,,,,,,,,5,4.9,4.7,4.6,4.5,4.1,4.1,4.1,4.2,4.1,3.8,3.7,3.8,3.7,3.8,4.1,4.2,4.7,4,3.9,,
Comoros,COM,"Suicide mortality rate (per 100,000 population)",SH.STA.SUIC.P5,,,,,,,,,,,,,,,,,,,,,,,,,,,,,,,,,,,,,,,,,6.3,6.2,5.9,5.8,5.5,5.4,5.4,5.3,5.4,5,5.6,5.1,5.2,5.2,5.5,5.5,5.5,5.4,5.4,5.4,,
Cabo Verde,CPV,"Suicide mortality rate (per 100,000 population)",SH.STA.SUIC.P5,,,,,,,,,,,,,,,,,,,,,,,,,,,,,,,,,,,,,,,,,12,12.1,12.3,12.4,12.8,13.2,13.1,13.5,14,14.4,14.8,14.8,14.9,14.6,14.4,14.4,14.4,14.2,13.4,12.9,,
Costa Rica,CRI,"Suicide mortality rate (per 100,000 population)",SH.STA.SUIC.P5,,,,,,,,,,,,,,,,,,,,,,,,,,,,,,,,,,,,,,,,,6.4,5.2,7,7.9,8.1,6.6,8.4,5.7,5.5,5.6,6.9,6.9,6.6,6.7,5.6,6.7,7.7,6.1,7.2,8.1,,
Caribbean small states,CSS,"Suicide mortality rate (per 100,000 population)",SH.STA.SUIC.P5,,,,,,,,,,,,,,,,,,,,,,,,,,,,,,,,,,,,,,,,,10.22972237,10.69542958,10.42695517,9.864744768,9.714364375,9.486671347,9.149600428,9.182767031,9.646622555,9.492566288,9.547514194,9.202388758,9.376003047,9.868844135,9.732196423,9.733643895,9.624496122,9.728776794,9.90021819,10.04785108,,
Cuba,CUB,"Suicide mortality rate (per 100,000 population)",SH.STA.SUIC.P5,,,,,,,,,,,,,,,,,,,,,,,,,,,,,,,,,,,,,,,,,17.2,15.3,14.7,13.8,13.9,12.9,12.7,12.2,12.9,13.7,14.4,14.1,13.8,13.9,13.4,14,13.4,14.5,14.3,14.5,,
Curacao,CUW,"Suicide mortality rate (per 100,000 population)",SH.STA.SUIC.P5,,,,,,,,,,,,,,,,,,,,,,,,,,,,,,,,,,,,,,,,,,,,,,,,,,,,,,,,,,,,,,
Cayman Islands,CYM,"Suicide mortality rate (per 100,000 population)",SH.STA.SUIC.P5,,,,,,,,,,,,,,,,,,,,,,,,,,,,,,,,,,,,,,,,,,,,,,,,,,,,,,,,,,,,,,
Cyprus,CYP,"Suicide mortality rate (per 100,000 population)",SH.STA.SUIC.P5,,,,,,,,,,,,,,,,,,,,,,,,,,,,,,,,,,,,,,,,,2,2.1,2.2,2.2,0.9,2.6,3.5,3.1,6.1,4.5,5.3,4.3,5.4,5.7,5.4,4.7,4.6,3.7,4.2,3.6,,
Czechia,CZE,"Suicide mortality rate (per 100,000 population)",SH.STA.SUIC.P5,,,,,,,,,,,,,,,,,,,,,,,,,,,,,,,,,,,,,,,,,16.3,16.2,15.4,17,16.3,15.8,14.5,14.1,14.2,15,15,16.1,16.7,15.7,14.8,13.6,13,13.9,13.6,12.2,,
Germany,DEU,"Suicide mortality rate (per 100,000 population)",SH.STA.SUIC.P5,,,,,,,,,,,,,,,,,,,,,,,,,,,,,,,,,,,,,,,,,14.5,14.5,14.6,14.4,14,13.3,12.8,12.4,12.5,12.8,13.2,13.2,12.9,13.4,13.4,13.3,13,12.6,12.9,12.3,,
Djibouti,DJI,"Suicide mortality rate (per 100,000 population)",SH.STA.SUIC.P5,,,,,,,,,,,,,,,,,,,,,,,,,,,,,,,,,,,,,,,,,7.2,7,7.3,7.4,7.5,7.6,7.5,7.5,7.6,7.8,8.2,8.5,8.7,9,9.2,9,9.3,9.7,9.7,9.6,,
Dominica,DMA,"Suicide mortality rate (per 100,000 population)",SH.STA.SUIC.P5,,,,,,,,,,,,,,,,,,,,,,,,,,,,,,,,,,,,,,,,,,,,,,,,,,,,,,,,,,,,,,
Denmark,DNK,"Suicide mortality rate (per 100,000 population)",SH.STA.SUIC.P5,,,,,,,,,,,,,,,,,,,,,,,,,,,,,,,,,,,,,,,,,15.6,15.8,14.9,13.6,14.2,14.8,14.7,12.6,13.1,12.9,11.8,12.6,12.8,12.1,12,10.9,10.9,11.3,11.4,10.7,,
Dominican Republic,DOM,"Suicide mortality rate (per 100,000 population)",SH.STA.SUIC.P5,,,,,,,,,,,,,,,,,,,,,,,,,,,,,,,,,,,,,,,,,3.9,3.9,4.1,4.4,4.5,4.8,4.7,4.8,4.8,4.9,4.7,4.9,5.2,5.5,6.1,6.4,6.4,5.7,5.2,4.9,,
Algeria,DZA,"Suicide mortality rate (per 100,000 population)",SH.STA.SUIC.P5,,,,,,,,,,,,,,,,,,,,,,,,,,,,,,,,,,,,,,,,,4.5,4.5,4.4,4.1,4,3.9,3.7,3.5,3.4,3.2,3,3,2.9,2.9,2.8,2.7,2.6,2.5,2.5,2.5,,
East Asia & Pacific (excluding high income),EAP,"Suicide mortality rate (per 100,000 population)",SH.STA.SUIC.P5,,,,,,,,,,,,,,,,,,,,,,,,,,,,,,,,,,,,,,,,,11.51880689,10.45600354,9.955278575,10.33512178,10.66313334,10.30149129,9.726629315,9.287778535,8.990676955,8.703070515,8.34911052,7.95156828,7.511198749,7.223099737,7.078727274,6.891631303,6.9682914,6.881411108,6.874158549,6.867094854,,
Early-demographic dividend,EAR,"Suicide mortality rate (per 100,000 population)",SH.STA.SUIC.P5,,,,,,,,,,,,,,,,,,,,,,,,,,,,,,,,,,,,,,,,,10.8342994,10.64357181,10.41089058,10.03338346,9.931708944,10.02703505,10.02496594,9.897710244,9.845955762,9.579975047,9.551161972,9.554848896,9.344310831,9.075340388,8.69613445,8.459477562,8.343818485,8.295254931,8.476077952,8.465845059,,
East Asia & Pacific,EAS,"Suicide mortality rate (per 100,000 population)",SH.STA.SUIC.P5,,,,,,,,,,,,,,,,,,,,,,,,,,,,,,,,,,,,,,,,,12.37965321,11.39473131,11.04561327,11.6055683,11.82674152,11.54269473,10.92014878,10.6516884,10.39136732,10.2761411,9.903205189,9.498492832,8.90058264,8.623149129,8.385724096,8.134215801,8.081329455,7.948151038,7.974086207,7.892044306,,
Europe & Central Asia (excluding high income),ECA,"Suicide mortality rate (per 100,000 population)",SH.STA.SUIC.P5,,,,,,,,,,,,,,,,,,,,,,,,,,,,,,,,,,,,,,,,,32.48286516,31.42785285,30.96083863,30.30897611,29.47100579,29.24300946,26.67764349,25.24819015,24.51840265,22.76264934,22.25507969,21.04814329,20.28734936,19.67405284,19.76442544,18.56172187,17.96969161,16.40583417,16.15404141,15.21613642,,
Europe & Central Asia,ECS,"Suicide mortality rate (per 100,000 population)",SH.STA.SUIC.P5,,,,,,,,,,,,,,,,,,,,,,,,,,,,,,,,,,,,,,,,,22.00183352,21.35679298,21.22683791,20.82539502,20.31174901,20.01412761,18.68154894,17.78000039,17.69333281,17.121694,16.80123214,16.32434942,16.06056814,15.80092943,15.60652072,14.95786096,14.37224117,13.66558291,13.43869963,12.81713291,,
Ecuador,ECU,"Suicide mortality rate (per 100,000 population)",SH.STA.SUIC.P5,,,,,,,,,,,,,,,,,,,,,,,,,,,,,,,,,,,,,,,,,6.4,6.9,7.9,8.5,9,9.9,10,10.2,10.5,10.5,9.9,9.8,10.1,9.6,8.8,8.8,9,9.2,8.1,7.6,,
"Egypt, Arab Rep.",EGY,"Suicide mortality rate (per 100,000 population)",SH.STA.SUIC.P5,,,,,,,,,,,,,,,,,,,,,,,,,,,,,,,,,,,,,,,,,3.1,3.2,3.2,3.2,3.1,3.1,3.1,3.1,3.1,3.1,3.2,3.3,3.4,3.4,3.3,3.3,3.2,3,3,3,,
Euro area,EMU,"Suicide mortality rate (per 100,000 population)",SH.STA.SUIC.P5,,,,,,,,,,,,,,,,,,,,,,,,,,,,,,,,,,,,,,,,,13.9313131,13.63068185,13.8064289,13.746496,13.29860406,12.88355286,12.4520865,12.03029112,12.3534608,12.55350332,12.40243063,12.50201292,12.5500952,12.59884645,12.26056801,12.03623044,11.63036812,11.64967975,11.41363772,11.14759189,,
Eritrea,ERI,"Suicide mortality rate (per 100,000 population)",SH.STA.SUIC.P5,,,,,,,,,,,,,,,,,,,,,,,,,,,,,,,,,,,,,,,,,14.5,14,13.7,12.8,13,13.1,13.2,12.9,13.3,13,12.7,12.5,12.3,12,11.7,11.6,11.5,11.3,11.3,10.9,,
Spain,ESP,"Suicide mortality rate (per 100,000 population)",SH.STA.SUIC.P5,,,,,,,,,,,,,,,,,,,,,,,,,,,,,,,,,,,,,,,,,8.6,8,8.3,8.5,8.5,8,7.5,7.4,7.8,7.6,6.9,7.1,7.7,8.5,8.6,7.9,7.8,8.2,7.8,7.7,,
Estonia,EST,"Suicide mortality rate (per 100,000 population)",SH.STA.SUIC.P5,,,,,,,,,,,,,,,,,,,,,,,,,,,,,,,,,,,,,,,,,29.1,30.3,29.3,26.3,26.5,22.6,20.9,21.4,19.4,23.3,18.8,18.2,21.1,18.9,19.5,15.9,15.7,18.7,15.3,14.9,,
Ethiopia,ETH,"Suicide mortality rate (per 100,000 population)",SH.STA.SUIC.P5,,,,,,,,,,,,,,,,,,,,,,,,,,,,,,,,,,,,,,,,,9.7,9.3,8.9,8.6,8.3,8.1,7.8,7.7,7.6,7.4,7.1,6.7,6.1,5.7,5.5,5.5,5.5,5.4,5.4,5.4,,
European Union,EUU,"Suicide mortality rate (per 100,000 population)",SH.STA.SUIC.P5,,,,,,,,,,,,,,,,,,,,,,,,,,,,,,,,,,,,,,,,,14.86806973,14.53280732,14.69545676,14.5275093,14.175384,13.81930338,13.36940421,12.80124761,13.20542907,13.5847347,13.4297705,13.37956694,13.55125805,13.41680988,12.96917987,12.63640665,12.01080001,11.99089186,11.75737092,11.34299747,,
Fragile and conflict affected situations,FCS,"Suicide mortality rate (per 100,000 population)",SH.STA.SUIC.P5,,,,,,,,,,,,,,,,,,,,,,,,,,,,,,,,,,,,,,,,,9.30269585,8.902132358,8.663651553,8.392237053,8.21737972,8.133920006,7.795987819,7.784716657,7.688841561,7.394241022,7.177781587,6.98426994,6.813211325,6.624494603,6.546539865,6.276413829,6.182877818,6.045097086,6.068468114,6.016617524,,
Finland,FIN,"Suicide mortality rate (per 100,000 population)",SH.STA.SUIC.P5,,,,,,,,,,,,,,,,,,,,,,,,,,,,,,,,,,,,,,,,,24.3,24.1,22,21.7,21.2,19.9,21,19.7,20.6,20.4,18.6,17.9,17,17.2,15.4,14,15.2,15.9,16.2,15.3,,
Fiji,FJI,"Suicide mortality rate (per 100,000 population)",SH.STA.SUIC.P5,,,,,,,,,,,,,,,,,,,,,,,,,,,,,,,,,,,,,,,,,10.6,10.4,10.1,9.7,9.4,9.5,9.2,9.4,9.6,9.7,9.6,9.8,10,10,9.7,9.4,9.4,9.3,9.1,9,,
France,FRA,"Suicide mortality rate (per 100,000 population)",SH.STA.SUIC.P5,,,,,,,,,,,,,,,,,,,,,,,,,,,,,,,,,,,,,,,,,20.2,19.5,19.8,20.1,19.5,19.1,18.5,17.9,18.2,18.4,18.2,18,17.8,17,15.6,15.8,14.9,14.6,14.2,13.8,,
Faroe Islands,FRO,"Suicide mortality rate (per 100,000 population)",SH.STA.SUIC.P5,,,,,,,,,,,,,,,,,,,,,,,,,,,,,,,,,,,,,,,,,,,,,,,,,,,,,,,,,,,,,,
"Micronesia, Fed. Sts.",FSM,"Suicide mortality rate (per 100,000 population)",SH.STA.SUIC.P5,,,,,,,,,,,,,,,,,,,,,,,,,,,,,,,,,,,,,,,,,24,23.4,22.5,22.8,23.8,24.6,24.6,24.4,24.5,24.5,24.5,25.2,25.5,25.6,25.8,27,27,27.7,28.2,28.2,,
Gabon,GAB,"Suicide mortality rate (per 100,000 population)",SH.STA.SUIC.P5,,,,,,,,,,,,,,,,,,,,,,,,,,,,,,,,,,,,,,,,,13,12.2,11.2,11,10.1,10.2,10.6,10.4,11.3,10.2,10.1,10,8.9,8.6,9.8,9.6,9.2,8.8,8.6,8.4,,
United Kingdom,GBR,"Suicide mortality rate (per 100,000 population)",SH.STA.SUIC.P5,,,,,,,,,,,,,,,,,,,,,,,,,,,,,,,,,,,,,,,,,8.6,8.3,8.3,7.9,8.2,7.9,7.8,7.6,8.1,8,7.8,8.3,8.2,8.8,8.6,8.8,8.5,8.2,8.1,7.9,,
Georgia,GEO,"Suicide mortality rate (per 100,000 population)",SH.STA.SUIC.P5,,,,,,,,,,,,,,,,,,,,,,,,,,,,,,,,,,,,,,,,,7.4,6.9,8.2,6.6,7.4,6.2,6.2,6.1,7.5,8.5,8.3,8.7,9.2,9.8,10.3,10.5,10.7,9.6,9.4,9.2,,
Ghana,GHA,"Suicide mortality rate (per 100,000 population)",SH.STA.SUIC.P5,,,,,,,,,,,,,,,,,,,,,,,,,,,,,,,,,,,,,,,,,5.4,5.8,6.1,6.4,6.6,6.9,7,7.2,7.5,7.6,7.8,7.8,7.8,7.7,7.5,7.3,7.2,7,6.6,6.6,,
Gibraltar,GIB,"Suicide mortality rate (per 100,000 population)",SH.STA.SUIC.P5,,,,,,,,,,,,,,,,,,,,,,,,,,,,,,,,,,,,,,,,,,,,,,,,,,,,,,,,,,,,,,
Guinea,GIN,"Suicide mortality rate (per 100,000 population)",SH.STA.SUIC.P5,,,,,,,,,,,,,,,,,,,,,,,,,,,,,,,,,,,,,,,,,5.4,5.4,5.6,5.6,5.7,5.6,6,6.3,6.3,6.4,6.8,7,7.1,7.3,7.1,7.2,7.1,7,6.9,7,,
"Gambia, The",GMB,"Suicide mortality rate (per 100,000 population)",SH.STA.SUIC.P5,,,,,,,,,,,,,,,,,,,,,,,,,,,,,,,,,,,,,,,,,5.6,5.7,5.8,5.8,5.9,5.8,5.7,5.7,5.6,5.5,5.3,5.4,5.3,5.3,5.3,5.1,4.9,4.9,4.8,4.8,,
Guinea-Bissau,GNB,"Suicide mortality rate (per 100,000 population)",SH.STA.SUIC.P5,,,,,,,,,,,,,,,,,,,,,,,,,,,,,,,,,,,,,,,,,9.5,9.3,9.1,8.8,8.8,8.4,8.4,8.4,8.4,8.5,8.4,8.2,8,8.1,7.8,7.3,7.3,7.3,7.2,7,,
Equatorial Guinea,GNQ,"Suicide mortality rate (per 100,000 population)",SH.STA.SUIC.P5,,,,,,,,,,,,,,,,,,,,,,,,,,,,,,,,,,,,,,,,,12.6,11.4,10.1,9.7,9.3,8.9,9.2,9,8.8,8.9,10,11.2,10,8.4,8.8,9.8,9.3,7.8,8.3,7.9,,
Greece,GRC,"Suicide mortality rate (per 100,000 population)",SH.STA.SUIC.P5,,,,,,,,,,,,,,,,,,,,,,,,,,,,,,,,,,,,,,,,,3.5,3.1,2.9,3.3,3.1,3.7,3.7,3,3.4,3.6,3.5,4.4,4.8,5,5.3,5,4.7,5.1,5.1,5.1,,
Grenada,GRD,"Suicide mortality rate (per 100,000 population)",SH.STA.SUIC.P5,,,,,,,,,,,,,,,,,,,,,,,,,,,,,,,,,,,,,,,,,1.9,0.4,3.2,2.4,4.6,3.1,5.1,2,2.4,0.7,0.9,1.7,1.7,1.2,0.6,0.7,1,0.6,0.3,0.7,,
Greenland,GRL,"Suicide mortality rate (per 100,000 population)",SH.STA.SUIC.P5,,,,,,,,,,,,,,,,,,,,,,,,,,,,,,,,,,,,,,,,,,,,,,,,,,,,,,,,,,,,,,
Guatemala,GTM,"Suicide mortality rate (per 100,000 population)",SH.STA.SUIC.P5,,,,,,,,,,,,,,,,,,,,,,,,,,,,,,,,,,,,,,,,,10.2,10.7,10.5,10.8,11,11.4,10.7,8.3,8,7.9,7.3,6.6,6.1,5.9,5.8,5.8,5.7,5.6,6,5.9,,
Guam,GUM,"Suicide mortality rate (per 100,000 population)",SH.STA.SUIC.P5,,,,,,,,,,,,,,,,,,,,,,,,,,,,,,,,,,,,,,,,,,,,,,,,,,,,,,,,,,,,,,
Guyana,GUY,"Suicide mortality rate (per 100,000 population)",SH.STA.SUIC.P5,,,,,,,,,,,,,,,,,,,,,,,,,,,,,,,,,,,,,,,,,31.4,34.7,34.5,33.2,32.5,30.9,30.7,30.9,30,32.9,33.3,32.6,35,38.2,37.2,37.3,37.9,38.5,39.5,40.3,,
High income,HIC,"Suicide mortality rate (per 100,000 population)",SH.STA.SUIC.P5,,,,,,,,,,,,,,,,,,,,,,,,,,,,,,,,,,,,,,,,,13.96803862,13.87305809,14.226434,14.53084283,14.30526538,14.24502135,13.88301691,14.00160169,14.28398415,14.73729781,14.62813259,14.62454999,14.3166186,14.26786406,14.03870615,13.87637936,13.54712767,13.64995653,13.52894191,13.32108737,,
"Hong Kong SAR, China",HKG,"Suicide mortality rate (per 100,000 population)",SH.STA.SUIC.P5,,,,,,,,,,,,,,,,,,,,,,,,,,,,,,,,,,,,,,,,,,,,,,,,,,,,,,,,,,,,,,
Honduras,HND,"Suicide mortality rate (per 100,000 population)",SH.STA.SUIC.P5,,,,,,,,,,,,,,,,,,,,,,,,,,,,,,,,,,,,,,,,,2.1,2.1,2.1,2.2,2.1,2.2,2.2,2.1,2.1,2,2,1.9,3.3,3.2,3.4,4,2,2.1,2,2.1,,
Heavily indebted poor countries (HIPC),HPC,"Suicide mortality rate (per 100,000 population)",SH.STA.SUIC.P5,,,,,,,,,,,,,,,,,,,,,,,,,,,,,,,,,,,,,,,,,8.613150184,8.292924842,8.043351404,7.885570382,7.74712077,7.663540752,7.586209505,7.441592503,7.352290847,7.366426007,7.271698255,7.146839167,6.947002234,6.804848843,6.60812165,6.48414277,6.37677943,6.294291492,6.258548917,6.234275806,,
Croatia,HRV,"Suicide mortality rate (per 100,000 population)",SH.STA.SUIC.P5,,,,,,,,,,,,,,,,,,,,,,,,,,,,,,,,,,,,,,,,,20.8,19.7,19.5,19.7,20.2,20.1,18.3,18.1,18.4,18.3,18.3,16.4,18.4,16.5,17.3,17.6,16.4,15.7,16.4,16.4,,
Haiti,HTI,"Suicide mortality rate (per 100,000 population)",SH.STA.SUIC.P5,,,,,,,,,,,,,,,,,,,,,,,,,,,,,,,,,,,,,,,,,9.7,9.5,9.3,9.3,9,9.4,9.6,10,10.1,10.3,10.9,10.1,10,9.9,10,10,9.8,9.7,9.7,9.6,,
Hungary,HUN,"Suicide mortality rate (per 100,000 population)",SH.STA.SUIC.P5,,,,,,,,,,,,,,,,,,,,,,,,,,,,,,,,,,,,,,,,,33.4,29.8,28.6,28,27.5,26.4,24.9,25,25.4,25.4,25.5,25.1,24.8,22.1,20.4,19.9,18.7,17.5,17.7,16.6,,
IBRD only,IBD,"Suicide mortality rate (per 100,000 population)",SH.STA.SUIC.P5,,,,,,,,,,,,,,,,,,,,,,,,,,,,,,,,,,,,,,,,,14.16988983,13.48815286,13.08879012,12.96386287,12.98539353,12.89886035,12.36307588,11.96199908,11.75031619,11.35150414,11.13384806,10.85746938,10.48736887,10.12128094,9.799680233,9.472868889,9.368703754,9.210037333,9.33206692,9.235915062,,
IDA & IBRD total,IBT,"Suicide mortality rate (per 100,000 population)",SH.STA.SUIC.P5,,,,,,,,,,,,,,,,,,,,,,,,,,,,,,,,,,,,,,,,,12.75983813,12.16469953,11.80395436,11.66476581,11.6501276,11.55959731,11.13171038,10.79669765,10.61095447,10.28657216,10.0904708,9.842509974,9.524093509,9.219646625,8.940474256,8.666329542,8.565489651,8.420794881,8.492179291,8.408040956,,
IDA total,IDA,"Suicide mortality rate (per 100,000 population)",SH.STA.SUIC.P5,,,,,,,,,,,,,,,,,,,,,,,,,,,,,,,,,,,,,,,,,7.600437205,7.385652588,7.227801191,7.100586318,7.020155178,6.976229316,6.974408816,6.916406007,6.867002558,6.833225436,6.75400774,6.640648657,6.521890442,6.439881413,6.319543977,6.233208582,6.171297367,6.098063734,6.054040306,6.039740058,,
IDA blend,IDB,"Suicide mortality rate (per 100,000 population)",SH.STA.SUIC.P5,,,,,,,,,,,,,,,,,,,,,,,,,,,,,,,,,,,,,,,,,7.656218776,7.601944213,7.581963707,7.497358784,7.497071186,7.480969028,7.523768552,7.553194609,7.522258552,7.405229765,7.337640821,7.280156543,7.236199973,7.186658476,7.063107123,6.984916061,6.950781863,6.841713447,6.710196956,6.684200129,,
Indonesia,IDN,"Suicide mortality rate (per 100,000 population)",SH.STA.SUIC.P5,,,,,,,,,,,,,,,,,,,,,,,,,,,,,,,,,,,,,,,,,3.5,3.4,3.3,3.2,3.2,3,2.9,2.9,2.8,2.7,2.6,2.6,2.5,2.5,2.4,2.4,2.4,2.4,2.4,2.4,,
IDA only,IDX,"Suicide mortality rate (per 100,000 population)",SH.STA.SUIC.P5,,,,,,,,,,,,,,,,,,,,,,,,,,,,,,,,,,,,,,,,,7.57178966,7.274187075,7.045369219,6.896580357,6.775052103,6.716975923,6.692455587,6.589570008,6.530287664,6.538778459,6.452949274,6.310403807,6.153249403,6.054828029,5.936661186,5.84710169,5.772501247,5.719055698,5.720682263,5.713404738,,
Isle of Man,IMN,"Suicide mortality rate (per 100,000 population)",SH.STA.SUIC.P5,,,,,,,,,,,,,,,,,,,,,,,,,,,,,,,,,,,,,,,,,,,,,,,,,,,,,,,,,,,,,,
India,IND,"Suicide mortality rate (per 100,000 population)",SH.STA.SUIC.P5,,,,,,,,,,,,,,,,,,,,,,,,,,,,,,,,,,,,,,,,,17,16.6,16.1,15.3,15.2,15.5,15.6,15.3,15.1,14.5,14.6,14.7,14.3,13.7,12.8,12.3,12.1,12,12.6,12.7,,
Not classified,INX,"Suicide mortality rate (per 100,000 population)",SH.STA.SUIC.P5,,,,,,,,,,,,,,,,,,,,,,,,,,,,,,,,,,,,,,,,,,,,,,,,,,,,,,,,,,,,,,
Ireland,IRL,"Suicide mortality rate (per 100,000 population)",SH.STA.SUIC.P5,,,,,,,,,,,,,,,,,,,,,,,,,,,,,,,,,,,,,,,,,12.7,13.2,12.2,12.1,11.9,11.8,10.9,11.5,12.2,14,11.9,12.5,12.4,11.4,11,9.3,10,10,9.9,9.6,,
"Iran, Islamic Rep.",IRN,"Suicide mortality rate (per 100,000 population)",SH.STA.SUIC.P5,,,,,,,,,,,,,,,,,,,,,,,,,,,,,,,,,,,,,,,,,8,7.8,7.5,7,6.7,6.3,6,6.4,6.2,6.2,6.3,6.8,6.7,6.6,6.5,6.3,6.2,6,5.7,5.2,,
Iraq,IRQ,"Suicide mortality rate (per 100,000 population)",SH.STA.SUIC.P5,,,,,,,,,,,,,,,,,,,,,,,,,,,,,,,,,,,,,,,,,3.8,3.8,3.8,3.8,3.8,3.8,3.8,3.7,3.6,3.7,3.9,4.1,4.1,4.2,4.1,4.1,4,3.9,3.7,3.6,,
Iceland,ISL,"Suicide mortality rate (per 100,000 population)",SH.STA.SUIC.P5,,,,,,,,,,,,,,,,,,,,,,,,,,,,,,,,,,,,,,,,,13.1,12.8,12.2,12.5,12.4,11.8,12.5,14.8,14.8,14.3,12.8,11.6,13.5,13.9,15.7,14.3,13,12.2,10.8,11.9,,
Israel,ISR,"Suicide mortality rate (per 100,000 population)",SH.STA.SUIC.P5,,,,,,,,,,,,,,,,,,,,,,,,,,,,,,,,,,,,,,,,,6.8,6.4,5.9,6.4,6.1,6.7,5.5,5.2,5.3,6,6.7,5.7,6.1,5.2,5.1,4.5,5.2,5.1,5.4,5.3,,
Italy,ITA,"Suicide mortality rate (per 100,000 population)",SH.STA.SUIC.P5,,,,,,,,,,,,,,,,,,,,,,,,,,,,,,,,,,,,,,,,,7.5,7.3,7.4,7.4,7.2,6.7,6.7,6.7,6.9,7,6.9,7.4,7.6,7.5,7.2,7.1,6.6,7.1,6.7,6.7,,
Jamaica,JAM,"Suicide mortality rate (per 100,000 population)",SH.STA.SUIC.P5,,,,,,,,,,,,,,,,,,,,,,,,,,,,,,,,,,,,,,,,,1.9,1.9,1.8,1.7,1.6,1.5,1.5,1.8,2.2,2.3,1.9,2.2,2.1,2,2.2,2.2,2.2,2.3,2.3,2.4,,
Jordan,JOR,"Suicide mortality rate (per 100,000 population)",SH.STA.SUIC.P5,,,,,,,,,,,,,,,,,,,,,,,,,,,,,,,,,,,,,,,,,2.5,2.4,2.3,2.3,2.2,2,1.9,1.7,1.7,1.6,1.5,1.5,1.5,1.5,1.5,1.5,1.5,1.5,1.6,1.6,,
Japan,JPN,"Suicide mortality rate (per 100,000 population)",SH.STA.SUIC.P5,,,,,,,,,,,,,,,,,,,,,,,,,,,,,,,,,,,,,,,,,23.9,23.2,23.8,25.6,24.1,24.3,23.9,25,24.4,24.9,24.1,23.4,21.6,21.4,20.1,19.1,17.5,17,16.7,15.3,,
Kazakhstan,KAZ,"Suicide mortality rate (per 100,000 population)",SH.STA.SUIC.P5,,,,,,,,,,,,,,,,,,,,,,,,,,,,,,,,,,,,,,,,,38.7,39,38.2,39.2,39.7,39.2,38,38,34.6,30.3,29.9,28.7,27.6,26.3,24.2,23.2,21.7,20.8,19,17.6,,
Kenya,KEN,"Suicide mortality rate (per 100,000 population)",SH.STA.SUIC.P5,,,,,,,,,,,,,,,,,,,,,,,,,,,,,,,,,,,,,,,,,7.6,6.9,6.4,6.1,5.7,6,6,6.3,6.2,6,6,5.9,5.9,5.9,5.7,5.5,5.4,5.6,6,6.1,,
Kyrgyz Republic,KGZ,"Suicide mortality rate (per 100,000 population)",SH.STA.SUIC.P5,,,,,,,,,,,,,,,,,,,,,,,,,,,,,,,,,,,,,,,,,14.8,14.1,14,13.2,12.6,13.2,13.1,12.6,12.3,11.9,11.4,11.3,10.9,10.5,10.5,9.9,8.6,8.3,8,7.4,,
Cambodia,KHM,"Suicide mortality rate (per 100,000 population)",SH.STA.SUIC.P5,,,,,,,,,,,,,,,,,,,,,,,,,,,,,,,,,,,,,,,,,5,5.1,5.1,5.1,5.3,5.5,5.7,5.7,5.6,5.4,5.4,5.3,5.2,5.2,5.1,5.1,5.1,5,4.9,4.9,,
Kiribati,KIR,"Suicide mortality rate (per 100,000 population)",SH.STA.SUIC.P5,,,,,,,,,,,,,,,,,,,,,,,,,,,,,,,,,,,,,,,,,31.2,31.1,30.9,29.4,29.3,30.1,29.4,30.9,31.5,30.9,30.7,30.8,30,30.5,29.8,29.7,29.5,29.6,28.1,28.3,,
St. Kitts and Nevis,KNA,"Suicide mortality rate (per 100,000 population)",SH.STA.SUIC.P5,,,,,,,,,,,,,,,,,,,,,,,,,,,,,,,,,,,,,,,,,,,,,,,,,,,,,,,,,,,,,,
"Korea, Rep.",KOR,"Suicide mortality rate (per 100,000 population)",SH.STA.SUIC.P5,,,,,,,,,,,,,,,,,,,,,,,,,,,,,,,,,,,,,,,,,14.5,15.6,19,24.1,25.4,26.7,23.7,26.7,28.6,34.2,34,34.5,30.2,30.6,29,28,27.2,25.8,28.6,28.6,,
Kuwait,KWT,"Suicide mortality rate (per 100,000 population)",SH.STA.SUIC.P5,,,,,,,,,,,,,,,,,,,,,,,,,,,,,,,,,,,,,,,,,3,2.6,2.8,2.6,2.7,2.6,2.7,2.6,2.9,2.7,2.5,2.3,2.4,2.4,2.5,2.6,2.6,2.7,2.8,2.9,,
Latin America & Caribbean (excluding high income),LAC,"Suicide mortality rate (per 100,000 population)",SH.STA.SUIC.P5,,,,,,,,,,,,,,,,,,,,,,,,,,,,,,,,,,,,,,,,,5.096164769,5.353567526,5.355270507,5.325335637,5.287400459,5.395529501,5.340541613,5.341619102,5.524583454,5.620361936,5.519820223,5.7161761,5.762317051,5.84368868,5.970009286,6.043270716,6.031163297,6.414799443,6.391004234,6.246163165,,
Lao PDR,LAO,"Suicide mortality rate (per 100,000 population)",SH.STA.SUIC.P5,,,,,,,,,,,,,,,,,,,,,,,,,,,,,,,,,,,,,,,,,6.9,6.9,6.7,6.5,6.5,6.5,6.4,6.3,6.3,6.1,6,5.9,5.7,5.7,5.5,5.6,5.6,5.6,5.6,5.4,,
Lebanon,LBN,"Suicide mortality rate (per 100,000 population)",SH.STA.SUIC.P5,,,,,,,,,,,,,,,,,,,,,,,,,,,,,,,,,,,,,,,,,2.8,2.7,2.7,2.6,2.7,2.7,2.5,2.9,2.9,3,3,3,3,3,2.8,2.8,2.7,3,2.5,2.8,,
Liberia,LBR,"Suicide mortality rate (per 100,000 population)",SH.STA.SUIC.P5,,,,,,,,,,,,,,,,,,,,,,,,,,,,,,,,,,,,,,,,,5.1,4.8,4.8,4.8,4.8,4.7,4.8,4.9,4.8,4.8,4.9,5,5,4.9,4.9,4.5,4.5,4.5,4.4,4.5,,
Libya,LBY,"Suicide mortality rate (per 100,000 population)",SH.STA.SUIC.P5,,,,,,,,,,,,,,,,,,,,,,,,,,,,,,,,,,,,,,,,,4.9,5.1,5.2,5.1,4.4,4.3,4.2,4.9,5.4,5.7,5.6,5.1,5.7,4.8,6.3,5.6,5,5.5,5.8,4.5,,
St. Lucia,LCA,"Suicide mortality rate (per 100,000 population)",SH.STA.SUIC.P5,,,,,,,,,,,,,,,,,,,,,,,,,,,,,,,,,,,,,,,,,7.2,7.3,6.8,7.2,6.9,7.1,7.6,7.1,8,7.2,7.9,7.2,8.7,8.3,8.9,8.7,7.4,7.9,8,7.9,,
Latin America & Caribbean,LCN,"Suicide mortality rate (per 100,000 population)",SH.STA.SUIC.P5,,,,,,,,,,,,,,,,,,,,,,,,,,,,,,,,,,,,,,,,,5.361671048,5.599831526,5.592404475,5.516168445,5.470493221,5.542437487,5.480410192,5.505483022,5.690826754,5.766327319,5.654592518,5.8426779,5.831954621,5.840388937,5.949875856,6.026689928,6.026355417,6.353491897,6.323141835,6.199255783,,
Least developed countries: UN classification,LDC,"Suicide mortality rate (per 100,000 population)",SH.STA.SUIC.P5,,,,,,,,,,,,,,,,,,,,,,,,,,,,,,,,,,,,,,,,,7.663180154,7.354500169,7.116522276,6.96492991,6.835002551,6.763963645,6.753710604,6.614665793,6.569986503,6.546581136,6.446878715,6.286595073,6.107765987,5.99310194,5.867222924,5.788396187,5.735532382,5.683949416,5.70164728,5.700744895,,
Low income,LIC,"Suicide mortality rate (per 100,000 population)",SH.STA.SUIC.P5,,,,,,,,,,,,,,,,,,,,,,,,,,,,,,,,,,,,,,,,,8.164102117,7.882556103,7.691106905,7.532514101,7.43814108,7.350395695,7.255928516,7.074223954,6.992768213,7.000918347,6.911827631,6.80834356,6.622022802,6.489168127,6.347118561,6.268931909,6.214994092,6.137022268,6.130780346,6.100580771,,
Liechtenstein,LIE,"Suicide mortality rate (per 100,000 population)",SH.STA.SUIC.P5,,,,,,,,,,,,,,,,,,,,,,,,,,,,,,,,,,,,,,,,,,,,,,,,,,,,,,,,,,,,,,
Sri Lanka,LKA,"Suicide mortality rate (per 100,000 population)",SH.STA.SUIC.P5,,,,,,,,,,,,,,,,,,,,,,,,,,,,,,,,,,,,,,,,,26.7,21.8,21,20.9,21.8,28.6,18.3,20,17.5,22.7,21.9,17.9,16.6,15.2,13.1,15.1,14.8,14.4,14.2,14,,
Lower middle income,LMC,"Suicide mortality rate (per 100,000 population)",SH.STA.SUIC.P5,,,,,,,,,,,,,,,,,,,,,,,,,,,,,,,,,,,,,,,,,11.63148098,11.28174809,10.97457167,10.53687844,10.44416566,10.57540139,10.4791455,10.37665771,10.23576011,9.903064552,9.873020011,9.847269235,9.615010368,9.302976353,8.861499632,8.581887395,8.442898174,8.333294741,8.552754568,8.561218218,,
Low & middle income,LMY,"Suicide mortality rate (per 100,000 population)",SH.STA.SUIC.P5,,,,,,,,,,,,,,,,,,,,,,,,,,,,,,,,,,,,,,,,,12.76067866,12.15323146,11.77870402,11.64507038,11.63007811,11.54018986,11.11095182,10.78362296,10.58755432,10.24552955,10.05215265,9.809954765,9.486275011,9.190741104,8.916031675,8.649505585,8.563063857,8.422075301,8.495742923,8.420162825,,
Lesotho,LSO,"Suicide mortality rate (per 100,000 population)",SH.STA.SUIC.P5,,,,,,,,,,,,,,,,,,,,,,,,,,,,,,,,,,,,,,,,,28.6,27.3,29.2,31.9,33.5,33.6,40.3,45,57.8,63.3,65.4,69.5,79.1,87.6,92.6,92.4,87,78.3,76.6,72.4,,
Late-demographic dividend,LTE,"Suicide mortality rate (per 100,000 population)",SH.STA.SUIC.P5,,,,,,,,,,,,,,,,,,,,,,,,,,,,,,,,,,,,,,,,,15.60189865,14.5290786,14.03327539,14.2872157,14.47730412,14.19220027,13.21914616,12.6051167,12.28149081,11.9372894,11.54963957,10.97371375,10.49980973,10.12360561,9.960254043,9.674725415,9.624441136,9.353162188,9.299202537,9.12299872,,
Lithuania,LTU,"Suicide mortality rate (per 100,000 population)",SH.STA.SUIC.P5,,,,,,,,,,,,,,,,,,,,,,,,,,,,,,,,,,,,,,,,,50.1,47.1,47,45.4,43.3,42.7,35.2,34.5,37.8,39.2,37.2,38.1,35,40.5,35.6,34.9,32.8,29.7,27.4,26.1,,
Luxembourg,LUX,"Suicide mortality rate (per 100,000 population)",SH.STA.SUIC.P5,,,,,,,,,,,,,,,,,,,,,,,,,,,,,,,,,,,,,,,,,16.1,16.7,16.1,15.3,12.1,13.4,15.2,14,13.4,11.3,12,11.9,11.3,11.3,12.7,12.2,10.2,9.8,10.6,11.3,,
Latvia,LVA,"Suicide mortality rate (per 100,000 population)",SH.STA.SUIC.P5,,,,,,,,,,,,,,,,,,,,,,,,,,,,,,,,,,,,,,,,,34.7,32.2,31.5,29.1,26.8,26.5,23.2,20.9,26.4,26.3,22.5,22.7,23.5,20.6,20.7,21.6,21.3,21.4,18.1,20.1,,
"Macao SAR, China",MAC,"Suicide mortality rate (per 100,000 population)",SH.STA.SUIC.P5,,,,,,,,,,,,,,,,,,,,,,,,,,,,,,,,,,,,,,,,,,,,,,,,,,,,,,,,,,,,,,
St. Martin (French part),MAF,"Suicide mortality rate (per 100,000 population)",SH.STA.SUIC.P5,,,,,,,,,,,,,,,,,,,,,,,,,,,,,,,,,,,,,,,,,,,,,,,,,,,,,,,,,,,,,,
Morocco,MAR,"Suicide mortality rate (per 100,000 population)",SH.STA.SUIC.P5,,,,,,,,,,,,,,,,,,,,,,,,,,,,,,,,,,,,,,,,,9.9,9.9,9.6,9.6,9.5,9.4,9.3,9.3,9.3,9.2,9.2,9.2,8.9,8,7.7,7.4,7.2,7.1,7.2,7.2,,
Monaco,MCO,"Suicide mortality rate (per 100,000 population)",SH.STA.SUIC.P5,,,,,,,,,,,,,,,,,,,,,,,,,,,,,,,,,,,,,,,,,,,,,,,,,,,,,,,,,,,,,,
Moldova,MDA,"Suicide mortality rate (per 100,000 population)",SH.STA.SUIC.P5,,,,,,,,,,,,,,,,,,,,,,,,,,,,,,,,,,,,,,,,,17.2,18.6,17.7,18.5,18.3,19.4,19.7,17.2,19.1,19.7,20.5,15.3,17,17,17.2,16.2,15.9,14.9,14.4,14.7,,
Madagascar,MDG,"Suicide mortality rate (per 100,000 population)",SH.STA.SUIC.P5,,,,,,,,,,,,,,,,,,,,,,,,,,,,,,,,,,,,,,,,,5.8,5.7,5.8,5.9,5.9,5.8,5.8,5.7,5.7,5.7,5.7,5.7,5.6,5.6,5.6,5.5,5.5,5.5,5.5,5.5,,
Maldives,MDV,"Suicide mortality rate (per 100,000 population)",SH.STA.SUIC.P5,,,,,,,,,,,,,,,,,,,,,,,,,,,,,,,,,,,,,,,,,3.8,3.7,3.5,3.5,2.9,3,3.1,3,3.1,2.9,2.7,2.6,2.6,2.6,2.7,2.8,3.1,3.1,2.9,2.7,,
Middle East & North Africa,MEA,"Suicide mortality rate (per 100,000 population)",SH.STA.SUIC.P5,,,,,,,,,,,,,,,,,,,,,,,,,,,,,,,,,,,,,,,,,5.227732963,5.200896205,5.074421764,4.940589894,4.820483058,4.742341728,4.642517803,4.728530844,4.723952322,4.748624905,4.824993621,4.949032085,4.951179668,4.842139206,4.770733738,4.626663661,4.552703489,4.44182056,4.409999257,4.292004843,,
Mexico,MEX,"Suicide mortality rate (per 100,000 population)",SH.STA.SUIC.P5,,,,,,,,,,,,,,,,,,,,,,,,,,,,,,,,,,,,,,,,,3.5,3.8,3.9,4,4,4.1,4,4.1,4.4,4.6,4.5,5.2,4.9,5.2,5.7,5.6,5.6,5.9,5.4,5.3,,
Marshall Islands,MHL,"Suicide mortality rate (per 100,000 population)",SH.STA.SUIC.P5,,,,,,,,,,,,,,,,,,,,,,,,,,,,,,,,,,,,,,,,,,,,,,,,,,,,,,,,,,,,,,
Middle income,MIC,"Suicide mortality rate (per 100,000 population)",SH.STA.SUIC.P5,,,,,,,,,,,,,,,,,,,,,,,,,,,,,,,,,,,,,,,,,13.16008025,12.52904322,12.14429623,12.01933176,12.0176976,11.93397263,11.47981218,11.14498402,10.94376746,10.57251811,10.37394908,10.12258092,9.789124589,9.480163559,9.19477455,8.911342522,8.825240228,8.681270809,8.768501125,8.692534295,,
North Macedonia,MKD,"Suicide mortality rate (per 100,000 population)",SH.STA.SUIC.P5,,,,,,,,,,,,,,,,,,,,,,,,,,,,,,,,,,,,,,,,,9.3,12.8,9.7,9.1,10.6,8.6,9.7,9.4,9.4,9.7,7.1,7.4,10,9.7,9.3,9.2,9.3,9.3,9.4,9.4,,
Mali,MLI,"Suicide mortality rate (per 100,000 population)",SH.STA.SUIC.P5,,,,,,,,,,,,,,,,,,,,,,,,,,,,,,,,,,,,,,,,,4.8,4.7,4.7,4.6,4.5,4.6,4.5,4.6,4.6,4.6,4.5,4.5,4.5,4.5,4.4,4.3,4.2,4.1,4.1,4.1,,
Malta,MLT,"Suicide mortality rate (per 100,000 population)",SH.STA.SUIC.P5,,,,,,,,,,,,,,,,,,,,,,,,,,,,,,,,,,,,,,,,,6.8,7.2,5.7,5.4,5.9,5.6,6.8,5.5,6.4,6.9,7.5,6.8,6,6.8,7.1,7.2,5.8,5.5,6,6.1,,
Myanmar,MMR,"Suicide mortality rate (per 100,000 population)",SH.STA.SUIC.P5,,,,,,,,,,,,,,,,,,,,,,,,,,,,,,,,,,,,,,,,,4.7,4.4,4.4,4.3,4.2,4.1,4.1,3.9,3.6,3.6,3.5,3.4,3.3,3.3,3.2,3.2,3.2,3,2.9,2.9,,
Middle East & North Africa (excluding high income),MNA,"Suicide mortality rate (per 100,000 population)",SH.STA.SUIC.P5,,,,,,,,,,,,,,,,,,,,,,,,,,,,,,,,,,,,,,,,,5.304390989,5.270743107,5.140302261,4.973626084,4.848673354,4.719228063,4.596928368,4.656745741,4.60553137,4.577993661,4.606989844,4.736167785,4.723145335,4.623213319,4.547609236,4.432562493,4.345970957,4.235569389,4.187200673,4.046397962,,
Montenegro,MNE,"Suicide mortality rate (per 100,000 population)",SH.STA.SUIC.P5,,,,,,,,,,,,,,,,,,,,,,,,,,,,,,,,,,,,,,,,,20.8,19.9,20.2,20.9,21.2,21.7,22.3,21,20.9,20.9,20.3,20.9,21,20.4,20.6,20.7,20.8,21.1,21.2,21,,
Mongolia,MNG,"Suicide mortality rate (per 100,000 population)",SH.STA.SUIC.P5,,,,,,,,,,,,,,,,,,,,,,,,,,,,,,,,,,,,,,,,,22,22.3,21.7,23.1,23.7,24,23.7,23.6,23.8,23.6,23.4,22.7,21.7,21,20,20,20.1,19.2,18.6,17.9,,
Northern Mariana Islands,MNP,"Suicide mortality rate (per 100,000 population)",SH.STA.SUIC.P5,,,,,,,,,,,,,,,,,,,,,,,,,,,,,,,,,,,,,,,,,,,,,,,,,,,,,,,,,,,,,,
Mozambique,MOZ,"Suicide mortality rate (per 100,000 population)",SH.STA.SUIC.P5,,,,,,,,,,,,,,,,,,,,,,,,,,,,,,,,,,,,,,,,,12.5,12.4,12.3,12.3,12.4,12.6,12.6,12.6,13.5,14.5,14.9,15.3,15.7,15.3,14.4,13.9,13.6,13.4,13.5,13.6,,
Mauritania,MRT,"Suicide mortality rate (per 100,000 population)",SH.STA.SUIC.P5,,,,,,,,,,,,,,,,,,,,,,,,,,,,,,,,,,,,,,,,,3.5,3.4,3.4,3.3,3.3,3.2,3.2,3.2,3.1,3.1,3.1,3,3.1,3.1,3.1,3,3,3.1,3.1,3.1,,
Mauritius,MUS,"Suicide mortality rate (per 100,000 population)",SH.STA.SUIC.P5,,,,,,,,,,,,,,,,,,,,,,,,,,,,,,,,,,,,,,,,,11.8,10.1,11.3,7.7,8.2,9,9.2,10.3,6.7,9.1,7.8,9,9.6,8.2,10.2,7.9,8.1,9.6,8.7,9.5,,
Malawi,MWI,"Suicide mortality rate (per 100,000 population)",SH.STA.SUIC.P5,,,,,,,,,,,,,,,,,,,,,,,,,,,,,,,,,,,,,,,,,10.8,9.8,8.8,8.2,7.8,7.2,7.5,7.8,7.6,8,8.2,7.3,6.8,6.4,6.3,6.2,6.1,5.9,5.6,5.4,,
Malaysia,MYS,"Suicide mortality rate (per 100,000 population)",SH.STA.SUIC.P5,,,,,,,,,,,,,,,,,,,,,,,,,,,,,,,,,,,,,,,,,4.7,4.5,4.5,4.7,4.7,4.6,4.5,4.4,4.5,4.6,4.5,4.6,4.6,4.4,4.6,4.8,5.1,5.4,5.4,5.7,,
North America,NAC,"Suicide mortality rate (per 100,000 population)",SH.STA.SUIC.P5,,,,,,,,,,,,,,,,,,,,,,,,,,,,,,,,,,,,,,,,,11.08827656,11.47853645,11.8098312,11.7688444,11.88032884,11.9295128,12.01142481,12.31140877,12.58173234,12.72096627,13.00095626,13.19153561,13.33070697,13.36012494,13.86979771,14.25976937,14.77829512,15.60696503,15.3231394,15.65815384,,
Namibia,NAM,"Suicide mortality rate (per 100,000 population)",SH.STA.SUIC.P5,,,,,,,,,,,,,,,,,,,,,,,,,,,,,,,,,,,,,,,,,19.3,18.8,18.7,18.2,16.7,17.8,17.7,17.3,14.1,13.1,12.9,11.4,10.2,10.2,10.9,11.6,10.7,10.9,9.9,9.7,,
New Caledonia,NCL,"Suicide mortality rate (per 100,000 population)",SH.STA.SUIC.P5,,,,,,,,,,,,,,,,,,,,,,,,,,,,,,,,,,,,,,,,,,,,,,,,,,,,,,,,,,,,,,
Niger,NER,"Suicide mortality rate (per 100,000 population)",SH.STA.SUIC.P5,,,,,,,,,,,,,,,,,,,,,,,,,,,,,,,,,,,,,,,,,5,5.1,5.1,5.2,5.1,5.3,5.2,5.3,5.2,5.3,5.3,5.4,5.5,5.5,5.5,5.4,5.3,5.3,5.3,5.3,,
Nigeria,NGA,"Suicide mortality rate (per 100,000 population)",SH.STA.SUIC.P5,,,,,,,,,,,,,,,,,,,,,,,,,,,,,,,,,,,,,,,,,4.9,4.9,4.8,4.8,4.8,4.8,4.7,4.7,4.6,4.5,4.4,4.4,4.2,4.1,3.9,3.7,3.7,3.6,3.5,3.5,,
Nicaragua,NIC,"Suicide mortality rate (per 100,000 population)",SH.STA.SUIC.P5,,,,,,,,,,,,,,,,,,,,,,,,,,,,,,,,,,,,,,,,,5.5,5.2,5,5.6,5.4,5.2,4.6,4.9,5.1,5,4.8,5.5,4.4,5.3,4.5,4.2,4.4,4.4,4.5,4.4,,
Netherlands,NLD,"Suicide mortality rate (per 100,000 population)",SH.STA.SUIC.P5,,,,,,,,,,,,,,,,,,,,,,,,,,,,,,,,,,,,,,,,,9.6,9.6,10,9.6,9.7,9.8,9.6,8.4,9,9.5,9.8,10.1,10.7,11.8,11.6,11.8,11.9,12.1,11.4,11.8,,
Norway,NOR,"Suicide mortality rate (per 100,000 population)",SH.STA.SUIC.P5,,,,,,,,,,,,,,,,,,,,,,,,,,,,,,,,,,,,,,,,,13.9,14.2,12.1,11.8,12.8,12.4,12.8,11.8,11.8,13,12.4,13.3,11.4,11.8,11.6,12.5,12.6,12.1,12,11.8,,
Nepal,NPL,"Suicide mortality rate (per 100,000 population)",SH.STA.SUIC.P5,,,,,,,,,,,,,,,,,,,,,,,,,,,,,,,,,,,,,,,,,8.5,8.1,8,7.8,7.7,7.9,7.7,8,8.3,8.5,8.7,8.9,8.9,8.7,8.5,8.5,8.5,8.7,8.8,9,,
Nauru,NRU,"Suicide mortality rate (per 100,000 population)",SH.STA.SUIC.P5,,,,,,,,,,,,,,,,,,,,,,,,,,,,,,,,,,,,,,,,,,,,,,,,,,,,,,,,,,,,,,
New Zealand,NZL,"Suicide mortality rate (per 100,000 population)",SH.STA.SUIC.P5,,,,,,,,,,,,,,,,,,,,,,,,,,,,,,,,,,,,,,,,,12.5,13.9,12.5,13.7,12.6,12.9,13.1,12.3,12.4,11.5,12.6,11.4,12.7,12.2,11.3,11.7,12.2,12.7,11.4,11,,
OECD members,OED,"Suicide mortality rate (per 100,000 population)",SH.STA.SUIC.P5,,,,,,,,,,,,,,,,,,,,,,,,,,,,,,,,,,,,,,,,,12.54723954,12.47090325,12.71349285,13.00170935,12.80332643,12.72929398,12.38675197,12.49847265,12.76639477,13.17566869,13.03729475,13.08958932,12.7618334,12.76383728,12.60431498,12.47233182,12.20282404,12.33767452,12.15402701,11.96204855,,
Oman,OMN,"Suicide mortality rate (per 100,000 population)",SH.STA.SUIC.P5,,,,,,,,,,,,,,,,,,,,,,,,,,,,,,,,,,,,,,,,,6.2,6.2,5.9,6.1,5.9,6,6.5,6.8,6.8,6.5,6.7,6.1,5.4,5.3,5.1,5,4.7,4.7,4.7,4.9,,
Other small states,OSS,"Suicide mortality rate (per 100,000 population)",SH.STA.SUIC.P5,,,,,,,,,,,,,,,,,,,,,,,,,,,,,,,,,,,,,,,,,15.66882088,15.49316806,15.54301998,15.30439553,15.27539907,15.35597592,15.68801308,16.09510851,16.54890109,16.64773794,16.19210708,16.02081365,16.59981862,16.6136337,16.74079522,16.11523744,15.31684157,14.58970703,14.11158473,13.65696804,,
Pakistan,PAK,"Suicide mortality rate (per 100,000 population)",SH.STA.SUIC.P5,,,,,,,,,,,,,,,,,,,,,,,,,,,,,,,,,,,,,,,,,8.8,8.9,9.1,9.1,9.2,9,9.2,9.1,9,8.8,8.8,8.7,8.8,8.9,8.9,9,9.1,9.1,8.9,8.9,,
Panama,PAN,"Suicide mortality rate (per 100,000 population)",SH.STA.SUIC.P5,,,,,,,,,,,,,,,,,,,,,,,,,,,,,,,,,,,,,,,,,5.4,5.7,5.3,5.9,5.8,5,5.7,4.9,5.4,4.8,4.2,3.8,3.6,3.4,4.1,2.9,3.3,3.2,2.9,2.9,,
Peru,PER,"Suicide mortality rate (per 100,000 population)",SH.STA.SUIC.P5,,,,,,,,,,,,,,,,,,,,,,,,,,,,,,,,,,,,,,,,,3.1,2.9,2.9,3,2.8,2.7,2.7,2.6,2.7,3.3,3.5,3.3,3.2,3.1,2.9,2.7,2.6,2.7,2.8,2.8,,
Philippines,PHL,"Suicide mortality rate (per 100,000 population)",SH.STA.SUIC.P5,,,,,,,,,,,,,,,,,,,,,,,,,,,,,,,,,,,,,,,,,1.8,1.5,1.7,1.8,1.8,1.9,2,1.9,2,2.3,2.4,2.7,2.4,2.4,2.3,2.3,2.2,2.2,2.2,2.2,,
Palau,PLW,"Suicide mortality rate (per 100,000 population)",SH.STA.SUIC.P5,,,,,,,,,,,,,,,,,,,,,,,,,,,,,,,,,,,,,,,,,,,,,,,,,,,,,,,,,,,,,,
Papua New Guinea,PNG,"Suicide mortality rate (per 100,000 population)",SH.STA.SUIC.P5,,,,,,,,,,,,,,,,,,,,,,,,,,,,,,,,,,,,,,,,,2.1,2.3,2.3,2.4,2.4,2.4,2.4,2.5,2.5,2.4,2.6,2.6,2.7,2.7,2.9,3,3,2.8,2.9,3,,
Poland,POL,"Suicide mortality rate (per 100,000 population)",SH.STA.SUIC.P5,,,,,,,,,,,,,,,,,,,,,,,,,,,,,,,,,,,,,,,,,17,17.2,17.3,17,17.6,17.7,17.1,15.7,17,19.2,18.6,18,18.5,18.2,17.4,15.9,13.8,13.3,12.7,11.3,,
Pre-demographic dividend,PRE,"Suicide mortality rate (per 100,000 population)",SH.STA.SUIC.P5,,,,,,,,,,,,,,,,,,,,,,,,,,,,,,,,,,,,,,,,,7.434571331,7.179946439,6.979391256,6.880627538,6.792640821,6.744887087,6.72287702,6.580293853,6.483348965,6.465750759,6.411013294,6.355080352,6.218512495,6.123355739,5.915104456,5.767269179,5.684430361,5.617569188,5.598230628,5.587020737,,
Puerto Rico,PRI,"Suicide mortality rate (per 100,000 population)",SH.STA.SUIC.P5,,,,,,,,,,,,,,,,,,,,,,,,,,,,,,,,,,,,,,,,,,,,,,,,,,,,,,,,,,,,,,
"Korea, Dem. People's Rep.",PRK,"Suicide mortality rate (per 100,000 population)",SH.STA.SUIC.P5,,,,,,,,,,,,,,,,,,,,,,,,,,,,,,,,,,,,,,,,,9.8,9.5,9.5,9.2,9,8.9,8.9,9,9.4,9.4,9.5,9.7,9.7,9.9,10,10.5,10.4,9.8,9.3,9.4,,
Portugal,PRT,"Suicide mortality rate (per 100,000 population)",SH.STA.SUIC.P5,,,,,,,,,,,,,,,,,,,,,,,,,,,,,,,,,,,,,,,,,7.6,8.8,12.5,11.9,10.6,11.4,11.5,12.6,13.1,13.1,13.6,12.3,13.5,12.5,14.2,13.2,11.4,12,11.7,11.5,,
Paraguay,PRY,"Suicide mortality rate (per 100,000 population)",SH.STA.SUIC.P5,,,,,,,,,,,,,,,,,,,,,,,,,,,,,,,,,,,,,,,,,3.1,3.1,3.6,3.4,4.2,4.4,4.2,3.8,3.6,4.4,3.5,4.6,4.6,4.9,5.9,5.7,5.3,6.1,6,6,,
West Bank and Gaza,PSE,"Suicide mortality rate (per 100,000 population)",SH.STA.SUIC.P5,,,,,,,,,,,,,,,,,,,,,,,,,,,,,,,,,,,,,,,,,,,,,,,,,,,,,,,,,,,,,,
Pacific island small states,PSS,"Suicide mortality rate (per 100,000 population)",SH.STA.SUIC.P5,,,,,,,,,,,,,,,,,,,,,,,,,,,,,,,,,,,,,,,,,13.95118903,13.7533099,13.61740397,13.44944385,13.12523591,13.26361126,13.25378825,13.65300386,13.89814506,13.89440206,13.98917965,14.08006219,14.14512085,14.08556168,13.92753551,13.85920193,13.81940508,13.85203884,13.72317068,13.62815212,,
Post-demographic dividend,PST,"Suicide mortality rate (per 100,000 population)",SH.STA.SUIC.P5,,,,,,,,,,,,,,,,,,,,,,,,,,,,,,,,,,,,,,,,,15.78323885,15.55883199,15.85082598,16.0960556,15.81321085,15.75649991,15.22566589,15.39727728,15.60535753,15.78410635,15.62406035,15.59539277,15.20973118,15.17402147,15.02591813,14.80729505,14.52869587,14.6582985,14.61343193,14.42310241,,
French Polynesia,PYF,"Suicide mortality rate (per 100,000 population)",SH.STA.SUIC.P5,,,,,,,,,,,,,,,,,,,,,,,,,,,,,,,,,,,,,,,,,,,,,,,,,,,,,,,,,,,,,,
Qatar,QAT,"Suicide mortality rate (per 100,000 population)",SH.STA.SUIC.P5,,,,,,,,,,,,,,,,,,,,,,,,,,,,,,,,,,,,,,,,,7.8,8,7.8,7.4,7.2,6.8,6.8,8.4,8.3,8.4,8.2,8,7.4,6.7,6.3,6.1,6.1,5.8,5.8,5.8,,
Romania,ROU,"Suicide mortality rate (per 100,000 population)",SH.STA.SUIC.P5,,,,,,,,,,,,,,,,,,,,,,,,,,,,,,,,,,,,,,,,,12.9,12.3,14.2,13.5,12.7,12.3,12.9,11.6,11.7,12.2,13.2,12.1,12.6,12.2,11.3,11.5,10.2,10.1,10.2,9.7,,
Russian Federation,RUS,"Suicide mortality rate (per 100,000 population)",SH.STA.SUIC.P5,,,,,,,,,,,,,,,,,,,,,,,,,,,,,,,,,,,,,,,,,53.8,52.4,52,51.6,50.1,49.8,44.8,41.7,40.7,38.4,38.1,35.9,34.4,33.5,33.8,32,31,28.2,27.1,25.1,,
Rwanda,RWA,"Suicide mortality rate (per 100,000 population)",SH.STA.SUIC.P5,,,,,,,,,,,,,,,,,,,,,,,,,,,,,,,,,,,,,,,,,15.8,14,12.5,11,9.6,8.8,8.4,8,7.5,7,6.6,6.2,6,5.8,5.8,5.7,5.7,5.6,5.6,5.6,,
South Asia,SAS,"Suicide mortality rate (per 100,000 population)",SH.STA.SUIC.P5,,,,,,,,,,,,,,,,,,,,,,,,,,,,,,,,,,,,,,,,,14.89548816,14.49854981,14.08417724,13.44979056,13.37140518,13.65832402,13.62552143,13.40465832,13.19578096,12.77572457,12.81956992,12.79210139,12.45559695,11.978626,11.27394426,10.92707973,10.78431313,10.71586529,11.14254225,11.22139118,,
Saudi Arabia,SAU,"Suicide mortality rate (per 100,000 population)",SH.STA.SUIC.P5,,,,,,,,,,,,,,,,,,,,,,,,,,,,,,,,,,,,,,,,,3.2,3.3,3.4,3.5,3.4,3.7,4,4.3,4.6,5,5.5,6.1,6.4,6.5,6.6,6.3,6.3,6.2,6.1,6,,
Sudan,SDN,"Suicide mortality rate (per 100,000 population)",SH.STA.SUIC.P5,,,,,,,,,,,,,,,,,,,,,,,,,,,,,,,,,,,,,,,,,4.3,4.2,4.2,4.1,4.1,4.2,4.1,4.1,4.1,4.1,4,4.1,4,4,3.9,3.9,3.9,3.8,3.9,3.8,,
Senegal,SEN,"Suicide mortality rate (per 100,000 population)",SH.STA.SUIC.P5,,,,,,,,,,,,,,,,,,,,,,,,,,,,,,,,,,,,,,,,,7.8,7.6,7.5,7.4,7.3,7.2,7,6.7,6.8,6.7,6.6,6.5,6.5,6.5,6.5,6.4,6.3,6.2,6.1,6,,
Singapore,SGP,"Suicide mortality rate (per 100,000 population)",SH.STA.SUIC.P5,,,,,,,,,,,,,,,,,,,,,,,,,,,,,,,,,,,,,,,,,12.4,11.3,12.4,12.1,11.7,11.2,11.7,10.7,10.4,10.5,9.9,9.6,11.3,10.3,10.2,9,9.1,9,9.4,11.2,,
Solomon Islands,SLB,"Suicide mortality rate (per 100,000 population)",SH.STA.SUIC.P5,,,,,,,,,,,,,,,,,,,,,,,,,,,,,,,,,,,,,,,,,14.4,14.1,14.3,14.6,13.8,14,14.1,15.2,15.8,15.8,15.7,15.7,15.6,15.4,15.3,15.2,15.1,15.1,15,14.7,,
Sierra Leone,SLE,"Suicide mortality rate (per 100,000 population)",SH.STA.SUIC.P5,,,,,,,,,,,,,,,,,,,,,,,,,,,,,,,,,,,,,,,,,5.7,5.9,6,6.1,6.1,6,6.5,6.4,6.5,6.6,6.8,6.5,6.6,6.3,6.2,5.9,6.2,6.3,6.6,6.7,,
El Salvador,SLV,"Suicide mortality rate (per 100,000 population)",SH.STA.SUIC.P5,,,,,,,,,,,,,,,,,,,,,,,,,,,,,,,,,,,,,,,,,6.2,6.8,5.3,6.5,6.8,7.8,6.6,7.9,6.8,8.6,6.1,8,6.8,6.4,5.8,6.9,5.7,6.1,6,6.1,,
San Marino,SMR,"Suicide mortality rate (per 100,000 population)",SH.STA.SUIC.P5,,,,,,,,,,,,,,,,,,,,,,,,,,,,,,,,,,,,,,,,,,,,,,,,,,,,,,,,,,,,,,
Somalia,SOM,"Suicide mortality rate (per 100,000 population)",SH.STA.SUIC.P5,,,,,,,,,,,,,,,,,,,,,,,,,,,,,,,,,,,,,,,,,9.1,8.9,8.9,8.9,9.1,8.9,8.7,8.4,8.5,8.5,8.2,8.1,8.1,8.1,8.1,8,7.9,8,8,7.9,,
Serbia,SRB,"Suicide mortality rate (per 100,000 population)",SH.STA.SUIC.P5,,,,,,,,,,,,,,,,,,,,,,,,,,,,,,,,,,,,,,,,,23.1,21.8,22.4,21.2,21.3,20.1,19.5,18.7,18,19.5,17.2,18,18.2,17.9,17,16.4,15.2,0.6,11.3,11.4,,
Sub-Saharan Africa (excluding high income),SSA,"Suicide mortality rate (per 100,000 population)",SH.STA.SUIC.P5,,,,,,,,,,,,,,,,,,,,,,,,,,,,,,,,,,,,,,,,,9.281015226,9.020399874,8.890434129,8.797258156,8.645325908,8.555018774,8.454365872,8.423422689,8.508502801,8.480919151,8.237549168,7.982190724,7.821825155,7.714510706,7.526112074,7.389589242,7.255884816,7.152816667,7.032642947,6.969740792,,
South Sudan,SSD,"Suicide mortality rate (per 100,000 population)",SH.STA.SUIC.P5,,,,,,,,,,,,,,,,,,,,,,,,,,,,,,,,,,,,,,,,,4.3,4,3.9,3.9,3.9,3.9,3.9,3.9,3.8,3.7,3.7,3.6,3.7,3.6,3.5,3.6,3.7,3.7,3.8,3.9,,
Sub-Saharan Africa,SSF,"Suicide mortality rate (per 100,000 population)",SH.STA.SUIC.P5,,,,,,,,,,,,,,,,,,,,,,,,,,,,,,,,,,,,,,,,,9.281005434,9.020421036,8.890399769,8.797281248,8.645398233,8.555002027,8.454327833,8.423336249,8.508428809,8.4808191,8.237504523,7.982182776,7.821813579,7.71450934,7.526146875,7.389645774,7.255952809,7.152920014,7.032746348,6.969839175,,
Small states,SST,"Suicide mortality rate (per 100,000 population)",SH.STA.SUIC.P5,,,,,,,,,,,,,,,,,,,,,,,,,,,,,,,,,,,,,,,,,14.37722132,14.34804061,14.32635384,14.0325104,13.96860754,14.00145387,14.19227132,14.54614835,15.01260952,15.07663131,14.77101832,14.59620085,15.08103535,15.19686257,15.27630093,14.81806238,14.20524217,13.68336937,13.34591801,13.02343343,,
Sao Tome and Principe,STP,"Suicide mortality rate (per 100,000 population)",SH.STA.SUIC.P5,,,,,,,,,,,,,,,,,,,,,,,,,,,,,,,,,,,,,,,,,1.4,1.5,1.6,1.3,1.5,1.3,1.5,1.6,1.6,1.5,1.5,1.4,1.5,1.5,1.5,1.5,1.5,1.5,1.5,1.5,,
Suriname,SUR,"Suicide mortality rate (per 100,000 population)",SH.STA.SUIC.P5,,,,,,,,,,,,,,,,,,,,,,,,,,,,,,,,,,,,,,,,,21.5,24.2,24.4,24.3,23.6,24.2,24.6,24.5,24.5,24.4,25.5,24.3,25.2,25.1,24.7,24.8,24.4,24.5,25.5,25.4,,
Slovak Republic,SVK,"Suicide mortality rate (per 100,000 population)",SH.STA.SUIC.P5,,,,,,,,,,,,,,,,,,,,,,,,,,,,,,,,,,,,,,,,,14.2,13.9,14.6,15,13.9,13.7,14.5,14,12.7,13.1,13.6,12.9,12.6,12.3,12.9,12.4,12.3,12.3,12.2,12.1,,
Slovenia,SVN,"Suicide mortality rate (per 100,000 population)",SH.STA.SUIC.P5,,,,,,,,,,,,,,,,,,,,,,,,,,,,,,,,,,,,,,,,,32,30.9,29.1,29.7,28.7,26.8,27.9,22.9,20.6,22.5,20.7,21.6,22,22.2,19.6,21,19,20.9,17.8,19.8,,
Sweden,SWE,"Suicide mortality rate (per 100,000 population)",SH.STA.SUIC.P5,,,,,,,,,,,,,,,,,,,,,,,,,,,,,,,,,,,,,,,,,15.1,16,15.5,14.4,14.8,15.7,15,14.5,15,15.7,14.7,14.2,15,15.9,14.8,15.7,14.6,15,14.9,14.7,,
Eswatini,SWZ,"Suicide mortality rate (per 100,000 population)",SH.STA.SUIC.P5,,,,,,,,,,,,,,,,,,,,,,,,,,,,,,,,,,,,,,,,,28.4,32.2,37.2,40.5,42.4,43.9,47.3,53.9,55,54.2,50.4,47,47.6,44.6,39.2,35.1,32.8,30.4,28.5,29.4,,
Sint Maarten (Dutch part),SXM,"Suicide mortality rate (per 100,000 population)",SH.STA.SUIC.P5,,,,,,,,,,,,,,,,,,,,,,,,,,,,,,,,,,,,,,,,,,,,,,,,,,,,,,,,,,,,,,
Seychelles,SYC,"Suicide mortality rate (per 100,000 population)",SH.STA.SUIC.P5,,,,,,,,,,,,,,,,,,,,,,,,,,,,,,,,,,,,,,,,,9.2,9.2,8.6,9,9.3,8.4,8.1,7.6,7.8,7.5,7.8,7.9,7.7,7.7,7.9,8,8,8.3,8.2,8.1,,
Syrian Arab Republic,SYR,"Suicide mortality rate (per 100,000 population)",SH.STA.SUIC.P5,,,,,,,,,,,,,,,,,,,,,,,,,,,,,,,,,,,,,,,,,1.5,1.4,1.4,1.3,1.4,1.4,1.4,1.4,1.4,1.4,1.5,1.5,1.6,1.8,1.8,1.7,1.6,1.8,1.9,2,,
Turks and Caicos Islands,TCA,"Suicide mortality rate (per 100,000 population)",SH.STA.SUIC.P5,,,,,,,,,,,,,,,,,,,,,,,,,,,,,,,,,,,,,,,,,,,,,,,,,,,,,,,,,,,,,,
Chad,TCD,"Suicide mortality rate (per 100,000 population)",SH.STA.SUIC.P5,,,,,,,,,,,,,,,,,,,,,,,,,,,,,,,,,,,,,,,,,7.8,7.8,7.7,7.8,7.5,7.5,7.5,7.7,7.5,7.6,7.7,7.7,7.6,7.4,7.1,6.8,6.7,6.7,6.6,6.4,,
East Asia & Pacific (IDA & IBRD countries),TEA,"Suicide mortality rate (per 100,000 population)",SH.STA.SUIC.P5,,,,,,,,,,,,,,,,,,,,,,,,,,,,,,,,,,,,,,,,,11.54120009,10.46841889,9.961169945,10.34977414,10.68457595,10.31952891,9.737243901,9.291464009,8.98545012,8.694195786,8.334498765,7.929452981,7.483634863,7.189518288,7.042192629,6.846610926,6.925574592,6.84517763,6.844095844,6.835739835,,
Europe & Central Asia (IDA & IBRD countries),TEC,"Suicide mortality rate (per 100,000 population)",SH.STA.SUIC.P5,,,,,,,,,,,,,,,,,,,,,,,,,,,,,,,,,,,,,,,,,29.9857142,29.08081793,28.80150566,28.1939481,27.50465848,27.30557034,25.0824976,23.68676505,23.19820438,21.91751436,21.48367005,20.33272028,19.7687689,19.18371965,19.16592603,18.01939536,17.2699483,15.87036335,15.61646822,14.67014611,,
Togo,TGO,"Suicide mortality rate (per 100,000 population)",SH.STA.SUIC.P5,,,,,,,,,,,,,,,,,,,,,,,,,,,,,,,,,,,,,,,,,10,10.3,10.4,10.7,10.8,10.7,11,10.9,10.8,10.5,10.4,10.4,10.4,10.3,10.1,9.7,9.3,9,8.7,8.8,,
Thailand,THA,"Suicide mortality rate (per 100,000 population)",SH.STA.SUIC.P5,,,,,,,,,,,,,,,,,,,,,,,,,,,,,,,,,,,,,,,,,12,10.9,11,10.7,10.5,9.1,8.9,8.4,8.1,8,8.1,8,7.9,7.5,7.8,8,8.5,8.4,8.8,8.8,,
Tajikistan,TJK,"Suicide mortality rate (per 100,000 population)",SH.STA.SUIC.P5,,,,,,,,,,,,,,,,,,,,,,,,,,,,,,,,,,,,,,,,,3.8,3.6,3.5,3.4,3.5,3.6,3.6,3.7,3.8,3.9,4,4,4.1,4,4.1,4.1,4.3,4.2,4.2,4.3,,
Turkmenistan,TKM,"Suicide mortality rate (per 100,000 population)",SH.STA.SUIC.P5,,,,,,,,,,,,,,,,,,,,,,,,,,,,,,,,,,,,,,,,,12.5,13.5,14.1,14.3,14.3,15.1,15.1,13.2,11.4,9.4,8.5,7.6,7.1,7.1,6.8,6.3,6.2,5.8,5.7,5.7,,
Latin America & the Caribbean (IDA & IBRD countries),TLA,"Suicide mortality rate (per 100,000 population)",SH.STA.SUIC.P5,,,,,,,,,,,,,,,,,,,,,,,,,,,,,,,,,,,,,,,,,5.104841421,5.393084825,5.401500672,5.344239253,5.296679198,5.392285896,5.335010765,5.3726665,5.549507566,5.611952963,5.485424593,5.685305168,5.682178616,5.690729763,5.813094141,5.881427846,5.893644913,6.208504114,6.18264917,6.05423398,,
Timor-Leste,TLS,"Suicide mortality rate (per 100,000 population)",SH.STA.SUIC.P5,,,,,,,,,,,,,,,,,,,,,,,,,,,,,,,,,,,,,,,,,3.6,3.6,3.4,3.4,3.1,3,2.7,2.6,2.4,3.1,3,3.2,3.3,3.3,3.4,3.5,3.6,3.6,3.6,3.7,,
Middle East & North Africa (IDA & IBRD countries),TMN,"Suicide mortality rate (per 100,000 population)",SH.STA.SUIC.P5,,,,,,,,,,,,,,,,,,,,,,,,,,,,,,,,,,,,,,,,,5.304390989,5.270743107,5.140302261,4.973626084,4.848673354,4.719228063,4.596928368,4.656745741,4.60553137,4.577993661,4.606989844,4.736167785,4.723145335,4.623213319,4.547609236,4.432562493,4.345970957,4.235569389,4.187200673,4.046397962,,
Tonga,TON,"Suicide mortality rate (per 100,000 population)",SH.STA.SUIC.P5,,,,,,,,,,,,,,,,,,,,,,,,,,,,,,,,,,,,,,,,,4.2,4.2,4.2,4.2,4.2,4,4,4,3.9,4.3,4.6,4.5,4.5,4.6,4.6,4.6,4.1,4.2,4,3.8,,
South Asia (IDA & IBRD),TSA,"Suicide mortality rate (per 100,000 population)",SH.STA.SUIC.P5,,,,,,,,,,,,,,,,,,,,,,,,,,,,,,,,,,,,,,,,,14.89548816,14.49854981,14.08417724,13.44979056,13.37140518,13.65832402,13.62552143,13.40465832,13.19578096,12.77572457,12.81956992,12.79210139,12.45559695,11.978626,11.27394426,10.92707973,10.78431313,10.71586529,11.14254225,11.22139118,,
Sub-Saharan Africa (IDA & IBRD countries),TSS,"Suicide mortality rate (per 100,000 population)",SH.STA.SUIC.P5,,,,,,,,,,,,,,,,,,,,,,,,,,,,,,,,,,,,,,,,,9.281005434,9.020421036,8.890399769,8.797281248,8.645398233,8.555002027,8.454327833,8.423336249,8.508428809,8.4808191,8.237504523,7.982182776,7.821813579,7.71450934,7.526146875,7.389645774,7.255952809,7.152920014,7.032746348,6.969839175,,
Trinidad and Tobago,TTO,"Suicide mortality rate (per 100,000 population)",SH.STA.SUIC.P5,,,,,,,,,,,,,,,,,,,,,,,,,,,,,,,,,,,,,,,,,16.3,16.3,15.3,13.4,13.1,12.7,11.3,11.2,13.7,11.2,11.3,9.9,9.5,10.9,10.5,10.2,9.8,9.5,9,8.7,,
Tunisia,TUN,"Suicide mortality rate (per 100,000 population)",SH.STA.SUIC.P5,,,,,,,,,,,,,,,,,,,,,,,,,,,,,,,,,,,,,,,,,3.7,3.7,3.8,3.8,3.7,3.7,3.7,3.6,3.5,3.5,3.5,3.4,3.4,3.3,3.2,3.1,3.1,3.1,3.2,3.3,,
Turkiye,TUR,"Suicide mortality rate (per 100,000 population)",SH.STA.SUIC.P5,,,,,,,,,,,,,,,,,,,,,,,,,,,,,,,,,,,,,,,,,4,3.6,3.2,3.1,3,2.8,2.7,2.5,2.4,2.4,2.4,2.2,2.2,2.3,2.3,2.3,2.3,2.3,2.3,2.4,,
Tuvalu,TUV,"Suicide mortality rate (per 100,000 population)",SH.STA.SUIC.P5,,,,,,,,,,,,,,,,,,,,,,,,,,,,,,,,,,,,,,,,,,,,,,,,,,,,,,,,,,,,,,
Tanzania,TZA,"Suicide mortality rate (per 100,000 population)",SH.STA.SUIC.P5,,,,,,,,,,,,,,,,,,,,,,,,,,,,,,,,,,,,,,,,,8.9,7.9,7,6.4,5.8,5.4,5.3,5.4,5.8,5.5,5,4.8,4.3,4.4,4.2,4.2,4.2,4.2,4.2,4.3,,
Uganda,UGA,"Suicide mortality rate (per 100,000 population)",SH.STA.SUIC.P5,,,,,,,,,,,,,,,,,,,,,,,,,,,,,,,,,,,,,,,,,10.2,9.8,9.4,9.4,9.5,9.7,9.4,8,7.1,6.8,6.3,6.3,5.7,5.2,4.8,4.7,4.7,4.4,4.4,4.6,,
Ukraine,UKR,"Suicide mortality rate (per 100,000 population)",SH.STA.SUIC.P5,,,,,,,,,,,,,,,,,,,,,,,,,,,,,,,,,,,,,,,,,39.1,36.7,36,34.5,33.8,33.8,30.8,31.5,30.9,26.3,24.5,23,23.1,22.6,24.4,21.6,21.4,20.6,21.9,21.6,,
Upper middle income,UMC,"Suicide mortality rate (per 100,000 population)",SH.STA.SUIC.P5,,,,,,,,,,,,,,,,,,,,,,,,,,,,,,,,,,,,,,,,,14.90158878,13.96444409,13.50362147,13.75867285,13.88182971,13.55840682,12.6872882,12.08075426,11.81364506,11.40204945,11.00031686,10.46979597,10.01030052,9.706759613,9.623777525,9.338229991,9.324101435,9.138431745,9.053997898,8.867620338,,
Uruguay,URY,"Suicide mortality rate (per 100,000 population)",SH.STA.SUIC.P5,,,,,,,,,,,,,,,,,,,,,,,,,,,,,,,,,,,,,,,,,16,14.5,19.8,15.6,15.3,14.8,15.5,17.4,15.1,15,16,16.8,17.8,15.8,17.4,18.6,21.1,20.8,21.2,21.2,,
United States,USA,"Suicide mortality rate (per 100,000 population)",SH.STA.SUIC.P5,,,,,,,,,,,,,,,,,,,,,,,,,,,,,,,,,,,,,,,,,11,11.4,11.8,11.7,11.9,11.9,12.1,12.4,12.7,12.8,13.1,13.4,13.5,13.5,14,14.4,15.1,15.9,15.7,16.1,,
Uzbekistan,UZB,"Suicide mortality rate (per 100,000 population)",SH.STA.SUIC.P5,,,,,,,,,,,,,,,,,,,,,,,,,,,,,,,,,,,,,,,,,10.1,10,9.7,9,8.6,9.1,8.8,8.6,8.5,8,8.1,8.5,8.9,8.9,9,9.2,9.1,8.8,8.6,8,,
St. Vincent and the Grenadines,VCT,"Suicide mortality rate (per 100,000 population)",SH.STA.SUIC.P5,,,,,,,,,,,,,,,,,,,,,,,,,,,,,,,,,,,,,,,,,5.7,5.2,6.6,5.8,5.1,9.9,6.2,8.4,4.2,2.6,3,5.6,5.4,3.9,1.4,3.3,0.7,0,1,1,,
"Venezuela, RB",VEN,"Suicide mortality rate (per 100,000 population)",SH.STA.SUIC.P5,,,,,,,,,,,,,,,,,,,,,,,,,,,,,,,,,,,,,,,,,5.4,5.7,5.4,4.9,4.5,4.4,3.9,3.7,3.5,3.2,3.4,3.6,3.2,2.5,2.1,2.3,2.2,2.2,2.2,2.1,,
British Virgin Islands,VGB,"Suicide mortality rate (per 100,000 population)",SH.STA.SUIC.P5,,,,,,,,,,,,,,,,,,,,,,,,,,,,,,,,,,,,,,,,,,,,,,,,,,,,,,,,,,,,,,
Virgin Islands (U.S.),VIR,"Suicide mortality rate (per 100,000 population)",SH.STA.SUIC.P5,,,,,,,,,,,,,,,,,,,,,,,,,,,,,,,,,,,,,,,,,,,,,,,,,,,,,,,,,,,,,,
Vietnam,VNM,"Suicide mortality rate (per 100,000 population)",SH.STA.SUIC.P5,,,,,,,,,,,,,,,,,,,,,,,,,,,,,,,,,,,,,,,,,6.1,6.1,6.1,6.1,6.3,6.3,6.4,6.7,6.9,6.9,7,7.2,7.4,7.5,7.6,7.7,7.7,7.7,7.6,7.5,,
Vanuatu,VUT,"Suicide mortality rate (per 100,000 population)",SH.STA.SUIC.P5,,,,,,,,,,,,,,,,,,,,,,,,,,,,,,,,,,,,,,,,,19.1,18.9,19.1,19,18.6,18.2,19.2,19.1,18.9,19.8,19.5,19,19.1,18.9,18.2,18.2,18,18.1,18.1,18,,
World,WLD,"Suicide mortality rate (per 100,000 population)",SH.STA.SUIC.P5,,,,,,,,,,,,,,,,,,,,,,,,,,,,,,,,,,,,,,,,,12.94214374,12.42555652,12.17451696,12.11142193,12.05579345,11.96804655,11.54746375,11.29327261,11.17477559,10.96196728,10.77976091,10.57265377,10.24588996,9.983410869,9.710306795,9.45725446,9.327448305,9.220949496,9.259766359,9.159519472,,
Samoa,WSM,"Suicide mortality rate (per 100,000 population)",SH.STA.SUIC.P5,,,,,,,,,,,,,,,,,,,,,,,,,,,,,,,,,,,,,,,,,13.7,13.7,13.4,13.2,12.8,12.9,13,12.9,12.8,11,12.8,12.8,12.7,12.1,12.8,12.7,12.8,12.6,12.6,12.6,,
Kosovo,XKX,"Suicide mortality rate (per 100,000 population)",SH.STA.SUIC.P5,,,,,,,,,,,,,,,,,,,,,,,,,,,,,,,,,,,,,,,,,,,,,,,,,,,,,,,,,,,,,,
"Yemen, Rep.",YEM,"Suicide mortality rate (per 100,000 population)",SH.STA.SUIC.P5,,,,,,,,,,,,,,,,,,,,,,,,,,,,,,,,,,,,,,,,,6.1,6.1,5.9,5.9,6,5.9,5.8,5.8,6,5.9,5.7,5.6,5.7,5.7,5.7,5.5,5.7,5.6,5.9,5.8,,
South Africa,ZAF,"Suicide mortality rate (per 100,000 population)",SH.STA.SUIC.P5,,,,,,,,,,,,,,,,,,,,,,,,,,,,,,,,,,,,,,,,,22.4,23,24.3,25.1,24.6,24.4,23.6,24.6,26.7,26.7,24.6,22.4,22.9,23.7,24.1,24.5,24.4,25.2,24.1,23.5,,
Zambia,ZMB,"Suicide mortality rate (per 100,000 population)",SH.STA.SUIC.P5,,,,,,,,,,,,,,,,,,,,,,,,,,,,,,,,,,,,,,,,,13.3,12.4,12.1,11.6,12.2,11.9,11.7,10.3,9.7,9.8,10.1,10.3,9.4,9.1,9,8.7,8.5,8.5,8.1,7.3,,
Zimbabwe,ZWE,"Suicide mortality rate (per 100,000 population)",SH.STA.SUIC.P5,,,,,,,,,,,,,,,,,,,,,,,,,,,,,,,,,,,,,,,,,13.3,12.8,13.4,13.2,14.2,14,14.4,17.2,20.1,22.2,21.5,20.7,19.7,18.6,18.2,18,16.8,15,14,14.1,,
